induction_path,gamma_path,FLD,WELL,UWI,DEPTH_REFERENCE_ID,Reference Point,induction_instrument,gamma_instrument
\\prod.lan\active\proj\futurex\East_Kimberley\Data\Original\Geophysics\Induction_gamma\2016_las_files_DGRT_system\10WP32PB\10WP32PB_conductivity_down.las,\\prod.lan\active\proj\futurex\East_Kimberley\Data\Original\Geophysics\Induction_gamma\2016_las_files_DGRT_system\10WP32PB\10WP32PB_gamma_down.las,East Kimberley,10WP32PB,636196,5,top of casing,A034 Induction Conductivity Probe,A031 Natural Gamma Probe
\\prod.lan\active\proj\futurex\East_Kimberley\Data\Original\Geophysics\Induction_gamma\2016_las_files_DGRT_system\10WP36PB\10WP36PB_conductivity_down.las,\\prod.lan\active\proj\futurex\East_Kimberley\Data\Original\Geophysics\Induction_gamma\2016_las_files_DGRT_system\10WP36PB\10WP36PB_gamma_down.las,East Kimberley,10WP36PB,636200,10,top of casing protector,A034 Induction Conductivity Probe,A031 Natural Gamma Probe
\\prod.lan\active\proj\futurex\East_Kimberley\Data\Original\Geophysics\Induction_gamma\2016_las_files_DGRT_system\10WP39\10WP39_conductivity_down.las,\\prod.lan\active\proj\futurex\East_Kimberley\Data\Original\Geophysics\Induction_gamma\2016_las_files_DGRT_system\10WP39\10WP39_gamma_down.las,East Kimberley,10WP39,636189,5,top of casing,A034 Induction Conductivity Probe,A031 Natural Gamma Probe
\\prod.lan\active\proj\futurex\East_Kimberley\Data\Original\Geophysics\Induction_gamma\2016_las_files_DGRT_system\10WP42\10WP42_conductivity_down.las,\\prod.lan\active\proj\futurex\East_Kimberley\Data\Original\Geophysics\Induction_gamma\2016_las_files_DGRT_system\10WP42\10WP42_gamma_down.las,East Kimberley,10WP42,636190,5,top of casing,A034 Induction Conductivity Probe,A031 Natural Gamma Probe
\\prod.lan\active\proj\futurex\East_Kimberley\Data\Original\Geophysics\Induction_gamma\2016_las_files_DGRT_system\10WP46\10WP46_conductivity_down.las,\\prod.lan\active\proj\futurex\East_Kimberley\Data\Original\Geophysics\Induction_gamma\2016_las_files_DGRT_system\10WP46\10WP46_gamma_down.las,East Kimberley,10WP46,636197,5,top of casing,A034 Induction Conductivity Probe,A031 Natural Gamma Probe
\\prod.lan\active\proj\futurex\East_Kimberley\Data\Original\Geophysics\Induction_gamma\2016_las_files_DGRT_system\FW1\FW1mon_conductivity_down.las,\\prod.lan\active\proj\futurex\East_Kimberley\Data\Original\Geophysics\Induction_gamma\2016_las_files_DGRT_system\FW1\FW1mon_gamma_down.las,East Kimberley,FW1,636188,10,top of casing protector,A034 Induction Conductivity Probe,A031 Natural Gamma Probe
\\prod.lan\active\proj\futurex\East_Kimberley\Data\Original\Geophysics\Induction_gamma\2016_las_files_DGRT_system\KC11\KC11_conductivity_down.las,\\prod.lan\active\proj\futurex\East_Kimberley\Data\Original\Geophysics\Induction_gamma\2016_las_files_DGRT_system\KC11\KC11_gamma_down.las,East Kimberley,KC11,636205,10,top of casing protector,A034 Induction Conductivity Probe,A031 Natural Gamma Probe
\\prod.lan\active\proj\futurex\East_Kimberley\Data\Original\Geophysics\Induction_gamma\2016_las_files_DGRT_system\Ord16\Ord16_conductivity_down.las,\\prod.lan\active\proj\futurex\East_Kimberley\Data\Original\Geophysics\Induction_gamma\2016_las_files_DGRT_system\Ord16\Ord16_gamma_down.las,East Kimberley,Ord16,636191,10,top of casing protector,A034 Induction Conductivity Probe,A031 Natural Gamma Probe
\\prod.lan\active\proj\futurex\East_Kimberley\Data\Original\Geophysics\Induction_gamma\2016_las_files_DGRT_system\RN030885\RN030885_conductivity_down.las,\\prod.lan\active\proj\futurex\East_Kimberley\Data\Original\Geophysics\Induction_gamma\2016_las_files_DGRT_system\RN030885\RN030885_gamma_down.las,East Kimberley,RN030885,636185,5,top of casing,A034 Induction Conductivity Probe,A031 Natural Gamma Probe
\\prod.lan\active\proj\futurex\East_Kimberley\Data\Original\Geophysics\Induction_gamma\2016_las_files_DGRT_system\Y10A_Ord40\Y10A_Ord40_conductivity_down.las,\\prod.lan\active\proj\futurex\East_Kimberley\Data\Original\Geophysics\Induction_gamma\2016_las_files_DGRT_system\Y10A_Ord40\Y10A_Ord40_gamma_down.las,East Kimberley,Ord40,636203,10,top of casing protector,A034 Induction Conductivity Probe,A031 Natural Gamma Probe
\\prod.lan\active\proj\futurex\East_Kimberley\Data\Original\Geophysics\Induction_gamma\2016_las_files_DGRT_system\Y16A_Ord37\Y16A_Ord37_conductivity_down.las,\\prod.lan\active\proj\futurex\East_Kimberley\Data\Original\Geophysics\Induction_gamma\2016_las_files_DGRT_system\Y16A_Ord37\Y16A_Ord37_gamma_down.las,East Kimberley,Ord37,636192,10,top of casing protector,A034 Induction Conductivity Probe,A031 Natural Gamma Probe
\\prod.lan\active\proj\futurex\East_Kimberley\Data\Original\Geophysics\Induction_gamma\2016_las_files_DGRT_system\Yow_bore\Yow_Bore_conductivity_down.las,\\prod.lan\active\proj\futurex\East_Kimberley\Data\Original\Geophysics\Induction_gamma\2016_las_files_DGRT_system\Yow_bore\Yow_Bore_gamma_down.las,East Kimberley,Yow_Bore,627062,5,top of casing,A034 Induction Conductivity Probe,A031 Natural Gamma Probe
\\prod.lan\active\proj\futurex\East_Kimberley\Data\Original\Geophysics\Induction_gamma\2017_tfd_files_GA_ALT_system\13BP01D\13BP01D_induction_down.las,\\prod.lan\active\proj\futurex\East_Kimberley\Data\Original\Geophysics\Induction_gamma\2017_tfd_files_GA_ALT_system\13BP01D\13BP01D_gamma_down_0p020_1p0mmin.las,East Kimberley,13BP01D,627061,10,top of casing protector,HII-383 Induction Conductivity Probe,QL40 SGR Spectral Gamma Probe
\\prod.lan\active\proj\futurex\East_Kimberley\Data\Original\Geophysics\Induction_gamma\2017_tfd_files_GA_ALT_system\17BP01I\17BP01I_induction_down_relogged.las,\\prod.lan\active\proj\futurex\East_Kimberley\Data\Original\Geophysics\Induction_gamma\2017_tfd_files_GA_ALT_system\17BP01I\17BP01I_gamma_down_relogged.las,East Kimberley,17BP01I,621622,5,top of casing,HII-383 Induction Conductivity Probe,QL40 SGR Spectral Gamma Probe
\\prod.lan\active\proj\futurex\East_Kimberley\Data\Original\Geophysics\Induction_gamma\2017_tfd_files_GA_ALT_system\17BP03I\17BP03I_induction_down_relogged_run6.las,\\prod.lan\active\proj\futurex\East_Kimberley\Data\Original\Geophysics\Induction_gamma\2017_tfd_files_GA_ALT_system\17BP03I\17BP03I_gamma_down_relogged.las,East Kimberley,17BP03I,621623,5,top of casing,HII-383 Induction Conductivity Probe,QL40 SGR Spectral Gamma Probe
\\prod.lan\active\proj\futurex\East_Kimberley\Data\Original\Geophysics\Induction_gamma\2017_tfd_files_GA_ALT_system\17BP04I\17BP04I_induction_down.las,\\prod.lan\active\proj\futurex\East_Kimberley\Data\Original\Geophysics\Induction_gamma\2017_tfd_files_GA_ALT_system\17BP04I\17BP04I_gamma_down.las,East Kimberley,17BP04I,621624,5,top of casing,HII-383 Induction Conductivity Probe,QL40 SGR Spectral Gamma Probe
\\prod.lan\active\proj\futurex\East_Kimberley\Data\Original\Geophysics\Induction_gamma\2017_tfd_files_GA_ALT_system\17BP05I\17BP05I_induction_down.las,\\prod.lan\active\proj\futurex\East_Kimberley\Data\Original\Geophysics\Induction_gamma\2017_tfd_files_GA_ALT_system\17BP05I\17BP05I_gamma_down.las,East Kimberley,17BP05I,621625,5,top of casing,HII-383 Induction Conductivity Probe,A031 Natural Gamma Probe
\\prod.lan\active\proj\futurex\East_Kimberley\Data\Original\Geophysics\Induction_gamma\2017_tfd_files_GA_ALT_system\17BP06I\17BP06I_induction_down.las,\\prod.lan\active\proj\futurex\East_Kimberley\Data\Original\Geophysics\Induction_gamma\2017_tfd_files_GA_ALT_system\17BP06I\17BP06I_gamma_down.las,East Kimberley,17BP06I,627063,5,top of casing,HII-383 Induction Conductivity Probe,QL40 SGR Spectral Gamma Probe
\\prod.lan\active\proj\futurex\East_Kimberley\Data\Original\Geophysics\Induction_gamma\2017_tfd_files_GA_ALT_system\17BP07D\17BP07D_induction_down.las,\\prod.lan\active\proj\futurex\East_Kimberley\Data\Original\Geophysics\Induction_gamma\2017_tfd_files_GA_ALT_system\17BP07D\17BP07D_gamma_down.las,East Kimberley,17BP07D,627064,5,top of casing,HII-383 Induction Conductivity Probe,QL40 SGR Spectral Gamma Probe
\\prod.lan\active\proj\futurex\East_Kimberley\Data\Original\Geophysics\Induction_gamma\2017_tfd_files_GA_ALT_system\KC13\KC13_induction_down.las,\\prod.lan\active\proj\futurex\East_Kimberley\Data\Original\Geophysics\Induction_gamma\2017_tfd_files_GA_ALT_system\KC13\KC13_gamma_down.las,East Kimberley,KC13,636198,5,top of casing,HII-383 Induction Conductivity Probe,QL40 SGR Spectral Gamma Probe
\\prod.lan\active\proj\futurex\East_Kimberley\Data\Original\Geophysics\Induction_gamma\2017_tfd_files_GA_ALT_system\KC14\KC14_induction_down.las,\\prod.lan\active\proj\futurex\East_Kimberley\Data\Original\Geophysics\Induction_gamma\2017_tfd_files_GA_ALT_system\KC14\KC14_gamma_down.las,East Kimberley,KC14,636201,5,top of casing,HII-383 Induction Conductivity Probe,QL40 SGR Spectral Gamma Probe
\\prod.lan\active\proj\futurex\East_Kimberley\Data\Original\Geophysics\Induction_gamma\2017_tfd_files_GA_ALT_system\KC3PB\KC3PB_induction_down.las,\\prod.lan\active\proj\futurex\East_Kimberley\Data\Original\Geophysics\Induction_gamma\2017_tfd_files_GA_ALT_system\KC3PB\KC3PB_gamma_down.las,East Kimberley,KC3PB,636204,5,top of casing,HII-383 Induction Conductivity Probe,QL40 SGR Spectral Gamma Probe
\\prod.lan\active\proj\futurex\East_Kimberley\Data\Original\Geophysics\Induction_gamma\2017_tfd_files_GA_ALT_system\NTroad_bore1\NTroad_bore1_induction_down.las,\\prod.lan\active\proj\futurex\East_Kimberley\Data\Original\Geophysics\Induction_gamma\2017_tfd_files_GA_ALT_system\NTroad_bore1\NTroad_bore1_gamma_down_relogged_0p020_1p0mmin.las,East Kimberley,NTroad_bore1,635957,5,top of casing,HII-383 Induction Conductivity Probe,QL40 SGR Spectral Gamma Probe
\\prod.lan\active\proj\futurex\East_Kimberley\Data\Original\Geophysics\Induction_gamma\2017_tfd_files_GA_ALT_system\NTroad_bore2\NTroad_bore2_induction_down.las,\\prod.lan\active\proj\futurex\East_Kimberley\Data\Original\Geophysics\Induction_gamma\2017_tfd_files_GA_ALT_system\NTroad_bore2\NTroad_bore2_gamma_down_relogged_slow.las,East Kimberley,NTroad_bore2,635958,5,top of casing,HII-383 Induction Conductivity Probe,QL40 SGR Spectral Gamma Probe
\\prod.lan\active\proj\futurex\East_Kimberley\Data\Original\Geophysics\Induction_gamma\2017_tfd_files_GA_ALT_system\NTroad_bore3\NTroad_bore3_induction_down.las,\\prod.lan\active\proj\futurex\East_Kimberley\Data\Original\Geophysics\Induction_gamma\2017_tfd_files_GA_ALT_system\NTroad_bore3\NTroad_bore3_gamma_down.las,East Kimberley,NTroad_bore3,635959,5,top of casing,HII-383 Induction Conductivity Probe,QL40 SGR Spectral Gamma Probe
\\prod.lan\active\proj\futurex\East_Kimberley\Data\Original\Geophysics\Induction_gamma\2017_tfd_files_GA_ALT_system\NTroad_bore4\NTroad_bore4_induction_down.las,\\prod.lan\active\proj\futurex\East_Kimberley\Data\Original\Geophysics\Induction_gamma\2017_tfd_files_GA_ALT_system\NTroad_bore4\NTroad_bore4_gamma_down.las,East Kimberley,NTroad_bore4,635960,5,top of casing,HII-383 Induction Conductivity Probe,QL40 SGR Spectral Gamma Probe
\\prod.lan\active\proj\futurex\East_Kimberley\Data\Original\Geophysics\Induction_gamma\2017_tfd_files_GA_ALT_system\Ord24\Ord24_induction_down.las,\\prod.lan\active\proj\futurex\East_Kimberley\Data\Original\Geophysics\Induction_gamma\2017_tfd_files_GA_ALT_system\Ord24\Ord24_gamma_down.las,East Kimberley,Ord24,636194,10,top of casing protector,HII-383 Induction Conductivity Probe,QL40 SGR Spectral Gamma Probe
\\prod.lan\active\proj\futurex\East_Kimberley\Data\Original\Geophysics\Induction_gamma\2017_tfd_files_GA_ALT_system\RN007412\RN007412_induction_down.las,\\prod.lan\active\proj\futurex\East_Kimberley\Data\Original\Geophysics\Induction_gamma\2017_tfd_files_GA_ALT_system\RN007412\RN007412_gamma_down.las,East Kimberley,RN007412,636181,5,top of casing,HII-383 Induction Conductivity Probe,QL40 SGR Spectral Gamma Probe
\\prod.lan\active\proj\futurex\East_Kimberley\Data\Original\Geophysics\Induction_gamma\2017_tfd_files_GA_ALT_system\RN029653\RN029653_induction_down.las,\\prod.lan\active\proj\futurex\East_Kimberley\Data\Original\Geophysics\Induction_gamma\2017_tfd_files_GA_ALT_system\RN029653\RN029653_gamma_down.las,East Kimberley,RN029653,626988,10,top of casing protector,HII-383 Induction Conductivity Probe,QL40 SGR Spectral Gamma Probe
\\prod.lan\active\proj\futurex\East_Kimberley\Data\Original\Geophysics\Induction_gamma\2017_tfd_files_GA_ALT_system\RN029656\RN029656_induction_down.las,\\prod.lan\active\proj\futurex\East_Kimberley\Data\Original\Geophysics\Induction_gamma\2017_tfd_files_GA_ALT_system\RN029656\RN029656_gamma_down.las,East Kimberley,RN029656,626989,5,top of casing,HII-383 Induction Conductivity Probe,QL40 SGR Spectral Gamma Probe
\\prod.lan\active\proj\futurex\East_Kimberley\Data\Original\Geophysics\Induction_gamma\2017_tfd_files_GA_ALT_system\RN029656\RN029656_induction_down.las,\\prod.lan\active\proj\futurex\East_Kimberley\Data\Original\Geophysics\Induction_gamma\2017_tfd_files_GA_ALT_system\RN029656\RN029656_gamma_down_relogged_0p020_1p0mmin.las,East Kimberley,RN029656,626989,5,top of casing,HII-383 Induction Conductivity Probe,QL40 SGR Spectral Gamma Probe
\\prod.lan\active\proj\futurex\East_Kimberley\Data\Original\Geophysics\Induction_gamma\2017_tfd_files_GA_ALT_system\RN029660\RN29660_induction_down.las,\\prod.lan\active\proj\futurex\East_Kimberley\Data\Original\Geophysics\Induction_gamma\2017_tfd_files_GA_ALT_system\RN029660\RN29660_gamma_down.las,East Kimberley,RN29660,626986,10,top of casing protector,HII-383 Induction Conductivity Probe,QL40 SGR Spectral Gamma Probe
\\prod.lan\active\proj\futurex\East_Kimberley\Data\Original\Geophysics\Induction_gamma\2017_tfd_files_GA_ALT_system\RN029660\RN29660_induction_down.las,\\prod.lan\active\proj\futurex\East_Kimberley\Data\Original\Geophysics\Induction_gamma\2017_tfd_files_GA_ALT_system\RN029660\RN29660_gamma_down_relogged2.las,East Kimberley,RN29660,626986,10,top of casing protector,HII-383 Induction Conductivity Probe,QL40 SGR Spectral Gamma Probe
\\prod.lan\active\proj\futurex\East_Kimberley\Data\Original\Geophysics\Induction_gamma\2017_tfd_files_GA_ALT_system\RN029662\RN029662_induction_down.las,\\prod.lan\active\proj\futurex\East_Kimberley\Data\Original\Geophysics\Induction_gamma\2017_tfd_files_GA_ALT_system\RN029662\RN029662_gamma_down.las,East Kimberley,RN029662,626991,10,top of casing protector,HII-383 Induction Conductivity Probe,QL40 SGR Spectral Gamma Probe
\\prod.lan\active\proj\futurex\East_Kimberley\Data\Original\Geophysics\Induction_gamma\2017_tfd_files_GA_ALT_system\RN029663\RN29663_induction_down.las,\\prod.lan\active\proj\futurex\East_Kimberley\Data\Original\Geophysics\Induction_gamma\2017_tfd_files_GA_ALT_system\RN029663\RN29663_gamma_down.las,East Kimberley,RN29663,626981,10,top of casing protector,HII-383 Induction Conductivity Probe,QL40 SGR Spectral Gamma Probe
\\prod.lan\active\proj\futurex\East_Kimberley\Data\Original\Geophysics\Induction_gamma\2017_tfd_files_GA_ALT_system\RN029665\RN029665_induction_down.las,\\prod.lan\active\proj\futurex\East_Kimberley\Data\Original\Geophysics\Induction_gamma\2017_tfd_files_GA_ALT_system\RN029665\RN029665_gamma_down.las,East Kimberley,RN029665,626987,10,top of casing protector,HII-383 Induction Conductivity Probe,QL40 SGR Spectral Gamma Probe
\\prod.lan\active\proj\futurex\East_Kimberley\Data\Original\Geophysics\Induction_gamma\2017_tfd_files_GA_ALT_system\RN029666\RN029666_induction_down.las,\\prod.lan\active\proj\futurex\East_Kimberley\Data\Original\Geophysics\Induction_gamma\2017_tfd_files_GA_ALT_system\RN029666\RN029666_gamma_down_0p020_1p0mmin.las,East Kimberley,RN029666,626990,10,top of casing protector,HII-383 Induction Conductivity Probe,QL40 SGR Spectral Gamma Probe
\\prod.lan\active\proj\futurex\East_Kimberley\Data\Original\Geophysics\Induction_gamma\2017_tfd_files_GA_ALT_system\RN029933\RN029933_induction_down.las,\\prod.lan\active\proj\futurex\East_Kimberley\Data\Original\Geophysics\Induction_gamma\2017_tfd_files_GA_ALT_system\RN029933\RN029933_gamma_down.las,East Kimberley,RN029933,636182,5,top of casing,HII-383 Induction Conductivity Probe,A031 Natural Gamma Probe
\\prod.lan\active\proj\futurex\East_Kimberley\Data\Original\Geophysics\Induction_gamma\2017_tfd_files_GA_ALT_system\RN029945\RN029945_induction_down.las,\\prod.lan\active\proj\futurex\East_Kimberley\Data\Original\Geophysics\Induction_gamma\2017_tfd_files_GA_ALT_system\RN029945\RN029945_gamma_down.las,East Kimberley,RN029945,636183,10,top of casing protector,HII-383 Induction Conductivity Probe,QL40 SGR Spectral Gamma Probe
\\prod.lan\active\proj\futurex\East_Kimberley\Data\Original\Geophysics\Induction_gamma\2017_tfd_files_GA_ALT_system\RN030826\RN030826_induction_down_relogged.las,\\prod.lan\active\proj\futurex\East_Kimberley\Data\Original\Geophysics\Induction_gamma\2017_tfd_files_GA_ALT_system\RN030826\RN030826_gamma_down_relogged_0p020_1p0mmin.las,East Kimberley,RN030826,626992,10,top of casing protector,HII-383 Induction Conductivity Probe,QL40 SGR Spectral Gamma Probe
\\prod.lan\active\proj\futurex\East_Kimberley\Data\Original\Geophysics\Induction_gamma\2017_tfd_files_GA_ALT_system\RN030884\RN030884_induction_down.las,\\prod.lan\active\proj\futurex\East_Kimberley\Data\Original\Geophysics\Induction_gamma\2017_tfd_files_GA_ALT_system\RN030884\RN030884_gamma_down.las,East Kimberley,RN030884,636184,5,top of casing,HII-383 Induction Conductivity Probe,QL40 SGR Spectral Gamma Probe
\\prod.lan\active\proj\futurex\East_Kimberley\Data\Original\Geophysics\Induction_gamma\2017_tfd_files_GA_ALT_system\RN034821\RN034821_induction_down.las,\\prod.lan\active\proj\futurex\East_Kimberley\Data\Original\Geophysics\Induction_gamma\2017_tfd_files_GA_ALT_system\RN034821\RN034821_gamma_down.las,East Kimberley,RN034821,626984,5,top of casing,HII-383 Induction Conductivity Probe,QL40 SGR Spectral Gamma Probe
\\prod.lan\active\proj\futurex\East_Kimberley\Data\Original\Geophysics\Induction_gamma\2017_tfd_files_GA_ALT_system\RN038543\RN038543_induction_down.las,\\prod.lan\active\proj\futurex\East_Kimberley\Data\Original\Geophysics\Induction_gamma\2017_tfd_files_GA_ALT_system\RN038543\RN038543_gamma_down.las,East Kimberley,RN038543,636186,5,top of casing,HII-383 Induction Conductivity Probe,QL40 SGR Spectral Gamma Probe
\\prod.lan\active\proj\futurex\East_Kimberley\Data\Original\Geophysics\Induction_gamma\2017_tfd_files_GA_ALT_system\WBS1155\WBS1155_induction_down.las,\\prod.lan\active\proj\futurex\East_Kimberley\Data\Original\Geophysics\Induction_gamma\2017_tfd_files_GA_ALT_system\WBS1155\WBS1155_gamma_down.las,East Kimberley,WBS1155,636193,5,top of casing,HII-383 Induction Conductivity Probe,QL40 SGR Spectral Gamma Probe
\\prod.lan\active\proj\futurex\East_Kimberley\Data\Original\Geophysics\Induction_gamma\2017_tfd_files_GA_ALT_system\WBS5080\WBS5080_induction_down.las,\\prod.lan\active\proj\futurex\East_Kimberley\Data\Original\Geophysics\Induction_gamma\2017_tfd_files_GA_ALT_system\WBS5080\WBS5080_gamma_down.las,East Kimberley,WBS5080,636195,5,top of casing,HII-383 Induction Conductivity Probe,QL40 SGR Spectral Gamma Probe
\\prod.lan\active\proj\futurex\East_Kimberley\Data\Original\Geophysics\Induction_gamma\2018_EK_las_files\17BP02I\17BP02-I_ind_down.LAS,\\prod.lan\active\proj\futurex\East_Kimberley\Data\Original\Geophysics\Induction_gamma\2018_EK_las_files\17BP02I\17BP02-I_gamma_down.LAS,East Kimberley,17BP02-I,636187,5,top of casing,HII-383 Induction Conductivity Probe,QL40 SGR Spectral Gamma Probe
\\prod.lan\active\proj\futurex\East_Kimberley\Data\Original\Geophysics\Induction_gamma\2018_EK_las_files\18BP01D_RN039890\18BP01-D_ind_down.LAS,\\prod.lan\active\proj\futurex\East_Kimberley\Data\Original\Geophysics\Induction_gamma\2018_EK_las_files\18BP01D_RN039890\18BP01-D_gamma_down.LAS,East Kimberley,18BP01-D,635923,5,top of casing,HII-383 Induction Conductivity Probe,QL40 SGR Spectral Gamma Probe
\\prod.lan\active\proj\futurex\East_Kimberley\Data\Original\Geophysics\Induction_gamma\2018_EK_las_files\18BP07D_RN039888\18BP07-D_ind_down.LAS,\\prod.lan\active\proj\futurex\East_Kimberley\Data\Original\Geophysics\Induction_gamma\2018_EK_las_files\18BP07D_RN039888\18BP07-D_gamma_down.LAS,East Kimberley,18BP07-D,628981,5,top of casing,HII-383 Induction Conductivity Probe,QL40 SGR Spectral Gamma Probe
\\prod.lan\active\proj\futurex\East_Kimberley\Data\Original\Geophysics\Induction_gamma\2018_EK_las_files\18BP13D_RN039889\18BP13-D_ind_down.LAS,\\prod.lan\active\proj\futurex\East_Kimberley\Data\Original\Geophysics\Induction_gamma\2018_EK_las_files\18BP13D_RN039889\18BP13-D_gamma_down.LAS,East Kimberley,18BP13-D,635922,5,top of casing,HII-383 Induction Conductivity Probe,QL40 SGR Spectral Gamma Probe
\\prod.lan\active\proj\futurex\East_Kimberley\Data\Original\Geophysics\Induction_gamma\2018_EK_las_files\KR08\KR8_ind_down.LAS,\\prod.lan\active\proj\futurex\East_Kimberley\Data\Original\Geophysics\Induction_gamma\2018_EK_las_files\KR08\KR8_gamma_down.LAS,East Kimberley,KR08,635728,10,top of casing protector,HII-383 Induction Conductivity Probe,QL40 SGR Spectral Gamma Probe
\\prod.lan\active\proj\futurex\East_Kimberley\Data\Original\Geophysics\Induction_gamma\2018_EK_las_files\KR21\KR21_ind_down.LAS,\\prod.lan\active\proj\futurex\East_Kimberley\Data\Original\Geophysics\Induction_gamma\2018_EK_las_files\KR21\KR21_gamma_down.LAS,East Kimberley,KR21,635729,5,top of casing,HII-383 Induction Conductivity Probe,QL40 SGR Spectral Gamma Probe
\\prod.lan\active\proj\futurex\East_Kimberley\Data\Original\Geophysics\Induction_gamma\2018_EK_las_files\KR21b_RN040781\RN_04781_KR21b_ind_down.LAS,\\prod.lan\active\proj\futurex\East_Kimberley\Data\Original\Geophysics\Induction_gamma\2018_EK_las_files\KR21b_RN040781\RN_04781_KR21b_gamma_down.LAS,East Kimberley,KR21b,635921,5,top of casing,HII-383 Induction Conductivity Probe,QL40 SGR Spectral Gamma Probe
\\prod.lan\active\proj\futurex\East_Kimberley\Data\Original\Geophysics\Induction_gamma\2018_EK_las_files\KR22\KR22_ind_down.LAS,\\prod.lan\active\proj\futurex\East_Kimberley\Data\Original\Geophysics\Induction_gamma\2018_EK_las_files\KR22\KR22_gamma_down.LAS,East Kimberley,KR22,635730,10,top of casing protector,HII-383 Induction Conductivity Probe,QL40 SGR Spectral Gamma Probe
\\prod.lan\active\proj\futurex\East_Kimberley\Data\Original\Geophysics\Induction_gamma\2018_EK_las_files\KR23_RN040782\KR23_ind_down.LAS,\\prod.lan\active\proj\futurex\East_Kimberley\Data\Original\Geophysics\Induction_gamma\2018_EK_las_files\KR23_RN040782\KR23_gamma_down.LAS,East Kimberley,KR23,635732,5,top of casing,HII-383 Induction Conductivity Probe,QL40 SGR Spectral Gamma Probe
\\prod.lan\active\proj\futurex\East_Kimberley\Data\Original\Geophysics\Induction_gamma\2018_EK_las_files\KR30\KR30_ind_down.LAS,\\prod.lan\active\proj\futurex\East_Kimberley\Data\Original\Geophysics\Induction_gamma\2018_EK_las_files\KR30\KR30_gamma_down.LAS,East Kimberley,KR30,635733,10,top of casing protector,HII-383 Induction Conductivity Probe,QL40 SGR Spectral Gamma Probe
\\prod.lan\active\proj\futurex\East_Kimberley\Data\Original\Geophysics\Induction_gamma\2018_EK_las_files\KR31a\KR31a_ind_down.LAS,\\prod.lan\active\proj\futurex\East_Kimberley\Data\Original\Geophysics\Induction_gamma\2018_EK_las_files\KR31a\KR31a_gamma_down_sr0p05_1mmin.LAS,East Kimberley,KR31,635734,5,top of casing,HII-383 Induction Conductivity Probe,QL40 SGR Spectral Gamma Probe
\\prod.lan\active\proj\futurex\East_Kimberley\Data\Original\Geophysics\Induction_gamma\2018_EK_las_files\KR33\KR33_ind_down_generator.LAS,\\prod.lan\active\proj\futurex\East_Kimberley\Data\Original\Geophysics\Induction_gamma\2018_EK_las_files\KR33\KR33_gamma_down_battery.LAS,East Kimberley,KR33,635735,5,top of casing,HII-383 Induction Conductivity Probe,QL40 SGR Spectral Gamma Probe
\\prod.lan\active\proj\futurex\East_Kimberley\Data\Original\Geophysics\Induction_gamma\2018_EK_las_files\KR33\KR33_ind_down_generator.LAS,\\prod.lan\active\proj\futurex\East_Kimberley\Data\Original\Geophysics\Induction_gamma\2018_EK_las_files\KR33\KR33_gamma_up_generator.LAS,East Kimberley,KR33,635735,5,top of casing,HII-383 Induction Conductivity Probe,QL40 SGR Spectral Gamma Probe
\\prod.lan\active\proj\futurex\East_Kimberley\Data\Original\Geophysics\Induction_gamma\2018_EK_las_files\KR36_RN040783\RN040783_KR36_ind_down.LAS,\\prod.lan\active\proj\futurex\East_Kimberley\Data\Original\Geophysics\Induction_gamma\2018_EK_las_files\KR36_RN040783\RN040783_KR36_gamma_down.LAS,East Kimberley,KR36,635736,5,top of casing,HII-383 Induction Conductivity Probe,QL40 SGR Spectral Gamma Probe
\\prod.lan\active\proj\futurex\East_Kimberley\Data\Original\Geophysics\Induction_gamma\2018_EK_las_files\KR38\KR38_ind_down.LAS,\\prod.lan\active\proj\futurex\East_Kimberley\Data\Original\Geophysics\Induction_gamma\2018_EK_las_files\KR38\KR38_gamma_down.LAS,East Kimberley,KR38,635737,10,top of casing protector,HII-383 Induction Conductivity Probe,QL40 SGR Spectral Gamma Probe
\\prod.lan\active\proj\futurex\East_Kimberley\Data\Original\Geophysics\Induction_gamma\2018_EK_las_files\KR40\KR40_ind_down.LAS,\\prod.lan\active\proj\futurex\East_Kimberley\Data\Original\Geophysics\Induction_gamma\2018_EK_las_files\KR40\KR40_gamma_down.LAS,East Kimberley,KR40,635738,10,top of casing protector,HII-383 Induction Conductivity Probe,QL40 SGR Spectral Gamma Probe
\\prod.lan\active\proj\futurex\East_Kimberley\Data\Original\Geophysics\Induction_gamma\2018_EK_las_files\KR45\KR45_ind_down.LAS,\\prod.lan\active\proj\futurex\East_Kimberley\Data\Original\Geophysics\Induction_gamma\2018_EK_las_files\KR45\KR45_gamma_down.LAS,East Kimberley,KR45,635739,10,top of casing protector,HII-383 Induction Conductivity Probe,QL40 SGR Spectral Gamma Probe
\\prod.lan\active\proj\futurex\East_Kimberley\Data\Original\Geophysics\Induction_gamma\2018_EK_las_files\KR46\KR46_ind_down.LAS,\\prod.lan\active\proj\futurex\East_Kimberley\Data\Original\Geophysics\Induction_gamma\2018_EK_las_files\KR46\KR46_gamma_down.LAS,East Kimberley,KR46,635740,5,top of casing,HII-383 Induction Conductivity Probe,QL40 SGR Spectral Gamma Probe
\\prod.lan\active\proj\futurex\East_Kimberley\Data\Original\Geophysics\Induction_gamma\2018_EK_las_files\KR48\KR48_ind_down.LAS,\\prod.lan\active\proj\futurex\East_Kimberley\Data\Original\Geophysics\Induction_gamma\2018_EK_las_files\KR48\KR48_gamma_down.LAS,East Kimberley,KR48,635741,5,top of casing,HII-383 Induction Conductivity Probe,QL40 SGR Spectral Gamma Probe
\\prod.lan\active\proj\futurex\East_Kimberley\Data\Original\Geophysics\Induction_gamma\2018_EK_las_files\KR49\KR49_ind_down.LAS,\\prod.lan\active\proj\futurex\East_Kimberley\Data\Original\Geophysics\Induction_gamma\2018_EK_las_files\KR49\KR49_gamma_down.LAS,East Kimberley,KR49,635742,10,top of casing protector,HII-383 Induction Conductivity Probe,QL40 SGR Spectral Gamma Probe
\\prod.lan\active\proj\futurex\East_Kimberley\Data\Original\Geophysics\Induction_gamma\2018_EK_las_files\KR50a\KR50A_ind_down.LAS,\\prod.lan\active\proj\futurex\East_Kimberley\Data\Original\Geophysics\Induction_gamma\2018_EK_las_files\KR50a\KR50A_gamma_down.LAS,East Kimberley,KR50A,635743,10,top of casing protector,HII-383 Induction Conductivity Probe,QL40 SGR Spectral Gamma Probe
\\prod.lan\active\proj\futurex\East_Kimberley\Data\Original\Geophysics\Induction_gamma\2018_EK_las_files\KR50b_RN040780\RN04780_KR50m_ind_down.LAS,\\prod.lan\active\proj\futurex\East_Kimberley\Data\Original\Geophysics\Induction_gamma\2018_EK_las_files\KR50b_RN040780\RN04780_KR50m_gamma_down.LAS,East Kimberley,KR50b,635744,5,top of casing,HII-383 Induction Conductivity Probe,QL40 SGR Spectral Gamma Probe
\\prod.lan\active\proj\futurex\East_Kimberley\Data\Original\Geophysics\Induction_gamma\2018_EK_las_files\KR51a\KR51A_ind_down.LAS,\\prod.lan\active\proj\futurex\East_Kimberley\Data\Original\Geophysics\Induction_gamma\2018_EK_las_files\KR51a\KR51A_gamma_down.LAS,East Kimberley,KR51A,635745,10,top of casing protector,HII-383 Induction Conductivity Probe,QL40 SGR Spectral Gamma Probe
\\prod.lan\active\proj\futurex\East_Kimberley\Data\Original\Geophysics\Induction_gamma\2018_EK_las_files\KR51b\KR51B_ind_down.LAS,\\prod.lan\active\proj\futurex\East_Kimberley\Data\Original\Geophysics\Induction_gamma\2018_EK_las_files\KR51b\KR51B_gamma_down.LAS,East Kimberley,KR51B,635746,5,top of casing,HII-383 Induction Conductivity Probe,QL40 SGR Spectral Gamma Probe
\\prod.lan\active\proj\futurex\East_Kimberley\Data\Original\Geophysics\Induction_gamma\2018_EK_las_files\KR54\KR54_ind_down3.LAS,\\prod.lan\active\proj\futurex\East_Kimberley\Data\Original\Geophysics\Induction_gamma\2018_EK_las_files\KR54\KR54_gamma_down.LAS,East Kimberley,KR54,635747,5,top of casing,HII-383 Induction Conductivity Probe,QL40 SGR Spectral Gamma Probe
\\prod.lan\active\proj\futurex\East_Kimberley\Data\Original\Geophysics\Induction_gamma\2018_EK_las_files\KR55\KR55_ind_up2.LAS,\\prod.lan\active\proj\futurex\East_Kimberley\Data\Original\Geophysics\Induction_gamma\2018_EK_las_files\KR55\KR55_gamma_down.LAS,East Kimberley,KR55,635748,5,top of casing,HII-383 Induction Conductivity Probe,QL40 SGR Spectral Gamma Probe
\\prod.lan\active\proj\futurex\East_Kimberley\Data\Original\Geophysics\Induction_gamma\2018_EK_las_files\KR58\KR58_ind_down.LAS,\\prod.lan\active\proj\futurex\East_Kimberley\Data\Original\Geophysics\Induction_gamma\2018_EK_las_files\KR58\KR58_gamma_down.LAS,East Kimberley,KR58,635749,5,top of casing,HII-383 Induction Conductivity Probe,QL40 SGR Spectral Gamma Probe
\\prod.lan\active\proj\futurex\East_Kimberley\Data\Original\Geophysics\Induction_gamma\2018_EK_las_files\KR61_RN039891\KR61_ind_down.LAS,\\prod.lan\active\proj\futurex\East_Kimberley\Data\Original\Geophysics\Induction_gamma\2018_EK_las_files\KR61_RN039891\KR61_gamma_down.LAS,East Kimberley,KR61,635750,5,top of casing,HII-383 Induction Conductivity Probe,QL40 SGR Spectral Gamma Probe
\\prod.lan\active\proj\futurex\StuartCorridor\Data\Processed\Geophysics\InductionGamma\From-Data-Original\Induction_and_Gamma_Results\Alice_Springs\RN006504\RN006504_Induction_down.LAS,\\prod.lan\active\proj\futurex\StuartCorridor\Data\Processed\Geophysics\InductionGamma\From-Data-Original\Induction_and_Gamma_Results\Alice_Springs\RN006504\RN006504_Gamma_Down.LAS,Alice Springs,RN006504,628372,5,top of casing,HII-383 Induction Conductivity Probe,A031 Natural Gamma Probe
\\prod.lan\active\proj\futurex\StuartCorridor\Data\Processed\Geophysics\InductionGamma\From-Data-Original\Induction_and_Gamma_Results\Alice_Springs\RN017339\RN017339_Induction_down.LAS,\\prod.lan\active\proj\futurex\StuartCorridor\Data\Processed\Geophysics\InductionGamma\From-Data-Original\Induction_and_Gamma_Results\Alice_Springs\RN017339\RN017339_Gamma_down.LAS,Alice Springs,RN017339,626660,3,unknown,HII-383 Induction Conductivity Probe,A031 Natural Gamma Probe
\\prod.lan\active\proj\futurex\StuartCorridor\Data\Processed\Geophysics\InductionGamma\From-Data-Original\Induction_and_Gamma_Results\Alice_Springs\RN017393\RN017393_Induction_down.LAS,\\prod.lan\active\proj\futurex\StuartCorridor\Data\Processed\Geophysics\InductionGamma\From-Data-Original\Induction_and_Gamma_Results\Alice_Springs\RN017393\RN017393_Gamma_down.LAS,Alice Springs,RN017393,628371,3,unknown,HII-383 Induction Conductivity Probe,A031 Natural Gamma Probe
\\prod.lan\active\proj\futurex\StuartCorridor\Data\Processed\Geophysics\InductionGamma\From-Data-Original\Induction_and_Gamma_Results\Alice_Springs\RN017536\RN017536_Induction_Down_0_100m.las,\\prod.lan\active\proj\futurex\StuartCorridor\Data\Processed\Geophysics\InductionGamma\From-Data-Original\Induction_and_Gamma_Results\Alice_Springs\RN017536\RN017536_Gamma_Down_100m.las,Alice Springs,RN017536,621381,5,top of casing,A034 Induction Conductivity Probe,A031 Natural Gamma Probe
\\prod.lan\active\proj\futurex\StuartCorridor\Data\Processed\Geophysics\InductionGamma\From-Data-Original\Induction_and_Gamma_Results\Alice_Springs\RN017536\RN017536_Induction_Down_100_200m.las,\\prod.lan\active\proj\futurex\StuartCorridor\Data\Processed\Geophysics\InductionGamma\From-Data-Original\Induction_and_Gamma_Results\Alice_Springs\RN017536\RN017536_Gamma_Down_100_200m.las,Alice Springs,RN017536,621381,5,top of casing,A034 Induction Conductivity Probe,A031 Natural Gamma Probe
\\prod.lan\active\proj\futurex\StuartCorridor\Data\Processed\Geophysics\InductionGamma\From-Data-Original\Induction_and_Gamma_Results\Alice_Springs\RN017536\RN017536_Induction_Down_200_EOH.las,\\prod.lan\active\proj\futurex\StuartCorridor\Data\Processed\Geophysics\InductionGamma\From-Data-Original\Induction_and_Gamma_Results\Alice_Springs\RN017536\RN017536_Gamma_Down_200_EOH.las,Alice Springs,RN017536,621381,5,top of casing,A034 Induction Conductivity Probe,A031 Natural Gamma Probe
\\prod.lan\active\proj\futurex\StuartCorridor\Data\Processed\Geophysics\InductionGamma\From-Data-Original\Induction_and_Gamma_Results\Alice_Springs\RN017537\RN017537_Induction_Up.las,\\prod.lan\active\proj\futurex\StuartCorridor\Data\Processed\Geophysics\InductionGamma\From-Data-Original\Induction_and_Gamma_Results\Alice_Springs\RN017537\RN017537_Gamma_Down.las,Alice Springs,RN017537,621380,5,top of casing,A034 Induction Conductivity Probe,A031 Natural Gamma Probe
\\prod.lan\active\proj\futurex\StuartCorridor\Data\Processed\Geophysics\InductionGamma\From-Data-Original\Induction_and_Gamma_Results\Alice_Springs\RN018334\RN018334_Induction_down.las,\\prod.lan\active\proj\futurex\StuartCorridor\Data\Processed\Geophysics\InductionGamma\From-Data-Original\Induction_and_Gamma_Results\Alice_Springs\RN018334\RN018334_Gamma_down.LAS,Alice Springs,RN018334,621377,5,top of casing,A034 Induction Conductivity Probe,A031 Natural Gamma Probe
\\prod.lan\active\proj\futurex\StuartCorridor\Data\Processed\Geophysics\InductionGamma\From-Data-Original\Induction_and_Gamma_Results\Alice_Springs\RN019387\RN019387_ind_down.LAS,\\prod.lan\active\proj\futurex\StuartCorridor\Data\Processed\Geophysics\InductionGamma\From-Data-Original\Induction_and_Gamma_Results\Alice_Springs\RN019387\RN019387_gamma_down.LAS,Alice Springs,RN019387,636218,5,top of casing,HII-383 Induction Conductivity Probe,QL40 SGR Spectral Gamma Probe
\\prod.lan\active\proj\futurex\StuartCorridor\Data\Processed\Geophysics\InductionGamma\From-Data-Original\Induction_and_Gamma_Results\Alice_Springs\RN019673\RN019673_ind_down.LAS,\\prod.lan\active\proj\futurex\StuartCorridor\Data\Processed\Geophysics\InductionGamma\From-Data-Original\Induction_and_Gamma_Results\Alice_Springs\RN019673\RN019673_gamma_down.LAS,Alice Springs,RN019673,637299,5,top of casing,HII-383 Induction Conductivity Probe,QL40 SGR Spectral Gamma Probe
\\prod.lan\active\proj\futurex\StuartCorridor\Data\Processed\Geophysics\InductionGamma\From-Data-Original\Induction_and_Gamma_Results\Alice_Springs\RN019674_SSC18-40\RN019674_ind_down.LAS,\\prod.lan\active\proj\futurex\StuartCorridor\Data\Processed\Geophysics\InductionGamma\From-Data-Original\Induction_and_Gamma_Results\Alice_Springs\RN019674_SSC18-40\RN019674_gamma_down.LAS,Alice Springs,RN019674,636300,5,top of casing,HII-383 Induction Conductivity Probe,QL40 SGR Spectral Gamma Probe
\\prod.lan\active\proj\futurex\StuartCorridor\Data\Processed\Geophysics\InductionGamma\From-Data-Original\Induction_and_Gamma_Results\Alice_Springs\RN019676_SSC18-41\RN019676_ind_down.LAS,\\prod.lan\active\proj\futurex\StuartCorridor\Data\Processed\Geophysics\InductionGamma\From-Data-Original\Induction_and_Gamma_Results\Alice_Springs\RN019676_SSC18-41\RN019676_gamma_down.LAS,Alice Springs,RN019676,636120,10,top of casing protector,HII-383 Induction Conductivity Probe,QL40 SGR Spectral Gamma Probe
\\prod.lan\active\proj\futurex\StuartCorridor\Data\Processed\Geophysics\InductionGamma\From-Data-Original\Induction_and_Gamma_Results\Alice_Springs\RN019678\RN019678_ind_down.LAS,\\prod.lan\active\proj\futurex\StuartCorridor\Data\Processed\Geophysics\InductionGamma\From-Data-Original\Induction_and_Gamma_Results\Alice_Springs\RN019678\RN019678_gamma_down_to_89p1m.LAS,Alice Springs,RN019678,636301,5,top of casing,HII-383 Induction Conductivity Probe,QL40 SGR Spectral Gamma Probe
\\prod.lan\active\proj\futurex\StuartCorridor\Data\Processed\Geophysics\InductionGamma\From-Data-Original\Induction_and_Gamma_Results\Daly_River\RN007509\RN007509_Induction_Up.LAS,\\prod.lan\active\proj\futurex\StuartCorridor\Data\Processed\Geophysics\InductionGamma\From-Data-Original\Induction_and_Gamma_Results\Daly_River\RN007509\RN007509_Gamma_Down.LAS,Daly River,RN007509,636297,5,top of casing,A034 Induction Conductivity Probe,A031 Natural Gamma Probe
\\prod.lan\active\proj\futurex\StuartCorridor\Data\Processed\Geophysics\InductionGamma\From-Data-Original\Induction_and_Gamma_Results\Daly_River\RN020614\RN020614_Induction_Down.LAS,\\prod.lan\active\proj\futurex\StuartCorridor\Data\Processed\Geophysics\InductionGamma\From-Data-Original\Induction_and_Gamma_Results\Daly_River\RN020614\RN020614_Gamma_Down.LAS,Daly River,RN020614,636291,5,top of casing,A034 Induction Conductivity Probe,A031 Natural Gamma Probe
\\prod.lan\active\proj\futurex\StuartCorridor\Data\Processed\Geophysics\InductionGamma\From-Data-Original\Induction_and_Gamma_Results\Daly_River\RN021717\RN021717_Induction_Down.LAS,\\prod.lan\active\proj\futurex\StuartCorridor\Data\Processed\Geophysics\InductionGamma\From-Data-Original\Induction_and_Gamma_Results\Daly_River\RN021717\RN021717_Gamma_Down.LAS,Daly River,RN021717,636288,10,top of casing protector,A034 Induction Conductivity Probe,A031 Natural Gamma Probe
\\prod.lan\active\proj\futurex\StuartCorridor\Data\Processed\Geophysics\InductionGamma\From-Data-Original\Induction_and_Gamma_Results\Daly_River\RN022394\RN022394_Induction_Down.LAS,\\prod.lan\active\proj\futurex\StuartCorridor\Data\Processed\Geophysics\InductionGamma\From-Data-Original\Induction_and_Gamma_Results\Daly_River\RN022394\RN022394_Gamma_Down.LAS,Daly River,RN022394,636284,5,top of casing,A034 Induction Conductivity Probe,A031 Natural Gamma Probe
\\prod.lan\active\proj\futurex\StuartCorridor\Data\Processed\Geophysics\InductionGamma\From-Data-Original\Induction_and_Gamma_Results\Daly_River\RN025285\RN025285_Induction_Down.LAS,\\prod.lan\active\proj\futurex\StuartCorridor\Data\Processed\Geophysics\InductionGamma\From-Data-Original\Induction_and_Gamma_Results\Daly_River\RN025285\RN025285_Gamma_Down.LAS,Daly River,RN025285,636255,3,unknown,A034 Induction Conductivity Probe,A031 Natural Gamma Probe
\\prod.lan\active\proj\futurex\StuartCorridor\Data\Processed\Geophysics\InductionGamma\From-Data-Original\Induction_and_Gamma_Results\Daly_River\RN025288\RN025288_Induction_Down.LAS,\\prod.lan\active\proj\futurex\StuartCorridor\Data\Processed\Geophysics\InductionGamma\From-Data-Original\Induction_and_Gamma_Results\Daly_River\RN025288\RN025288_Gamma_Down.LAS,Daly River,RN025288,628383,10,top of casing protector,A034 Induction Conductivity Probe,A031 Natural Gamma Probe
\\prod.lan\active\proj\futurex\StuartCorridor\Data\Processed\Geophysics\InductionGamma\From-Data-Original\Induction_and_Gamma_Results\Daly_River\RN028782\RN028782_Conductivity_Down.LAS,\\prod.lan\active\proj\futurex\StuartCorridor\Data\Processed\Geophysics\InductionGamma\From-Data-Original\Induction_and_Gamma_Results\Daly_River\RN028782\RN028782_Gamma_Down.LAS,Daly River,RN028782,636286,5,top of casing,A034 Induction Conductivity Probe,A031 Natural Gamma Probe
\\prod.lan\active\proj\futurex\StuartCorridor\Data\Processed\Geophysics\InductionGamma\From-Data-Original\Induction_and_Gamma_Results\Daly_River\RN029430\RN029430_Induction_Down.LAS,\\prod.lan\active\proj\futurex\StuartCorridor\Data\Processed\Geophysics\InductionGamma\From-Data-Original\Induction_and_Gamma_Results\Daly_River\RN029430\RN029430_Gamma_Down.LAS,Daly River,RN029430,636285,5,top of casing,A034 Induction Conductivity Probe,A031 Natural Gamma Probe
\\prod.lan\active\proj\futurex\StuartCorridor\Data\Processed\Geophysics\InductionGamma\From-Data-Original\Induction_and_Gamma_Results\Daly_River\RN032750\RN032750_Induction_Down.LAS,\\prod.lan\active\proj\futurex\StuartCorridor\Data\Processed\Geophysics\InductionGamma\From-Data-Original\Induction_and_Gamma_Results\Daly_River\RN032750\RN032750_Gamma_Down.LAS,Daly River,RN032750,636295,5,top of casing,A034 Induction Conductivity Probe,A031 Natural Gamma Probe
\\prod.lan\active\proj\futurex\StuartCorridor\Data\Processed\Geophysics\InductionGamma\From-Data-Original\Induction_and_Gamma_Results\Daly_River\RN033033\RN033033_Induction_Down.LAS,\\prod.lan\active\proj\futurex\StuartCorridor\Data\Processed\Geophysics\InductionGamma\From-Data-Original\Induction_and_Gamma_Results\Daly_River\RN033033\RN033033_Gamma_Down.LAS,Daly River,RN033033,636287,5,top of casing,A034 Induction Conductivity Probe,A031 Natural Gamma Probe
\\prod.lan\active\proj\futurex\StuartCorridor\Data\Processed\Geophysics\InductionGamma\From-Data-Original\Induction_and_Gamma_Results\Daly_River\RN033035\RN033035_Induction_Down.LAS,\\prod.lan\active\proj\futurex\StuartCorridor\Data\Processed\Geophysics\InductionGamma\From-Data-Original\Induction_and_Gamma_Results\Daly_River\RN033035\RN033035_Gamma_Down.LAS,Daly River,RN033035,628382,5,top of casing,A034 Induction Conductivity Probe,A031 Natural Gamma Probe
\\prod.lan\active\proj\futurex\StuartCorridor\Data\Processed\Geophysics\InductionGamma\From-Data-Original\Induction_and_Gamma_Results\Daly_River\RN033039\RN033039_Induction_Down.LAS,\\prod.lan\active\proj\futurex\StuartCorridor\Data\Processed\Geophysics\InductionGamma\From-Data-Original\Induction_and_Gamma_Results\Daly_River\RN033039\RN033039_Gamma_Down.LAS,Daly River,RN033039,628381,5,top of casing,A034 Induction Conductivity Probe,A031 Natural Gamma Probe
\\prod.lan\active\proj\futurex\StuartCorridor\Data\Processed\Geophysics\InductionGamma\From-Data-Original\Induction_and_Gamma_Results\Daly_River\RN033132\RN033132_Induction_Down.LAS,\\prod.lan\active\proj\futurex\StuartCorridor\Data\Processed\Geophysics\InductionGamma\From-Data-Original\Induction_and_Gamma_Results\Daly_River\RN033132\RN033132_Gamma_Down.LAS,Daly River,RN033132,636294,10,top of casing protector,A034 Induction Conductivity Probe,A031 Natural Gamma Probe
\\prod.lan\active\proj\futurex\StuartCorridor\Data\Processed\Geophysics\InductionGamma\From-Data-Original\Induction_and_Gamma_Results\Daly_River\RN033308\RN033308_Induction_Down.LAS,\\prod.lan\active\proj\futurex\StuartCorridor\Data\Processed\Geophysics\InductionGamma\From-Data-Original\Induction_and_Gamma_Results\Daly_River\RN033308\RN033308_Gamma_Down.LAS,Daly River,RN033308,636257,10,top of casing protector,A034 Induction Conductivity Probe,A031 Natural Gamma Probe
\\prod.lan\active\proj\futurex\StuartCorridor\Data\Processed\Geophysics\InductionGamma\From-Data-Original\Induction_and_Gamma_Results\Daly_River\RN034364\RN034364_Induction_Down.LAS,\\prod.lan\active\proj\futurex\StuartCorridor\Data\Processed\Geophysics\InductionGamma\From-Data-Original\Induction_and_Gamma_Results\Daly_River\RN034364\RN034364_Gamma_Down.LAS,Daly River,RN034364,636256,3,unknown,A034 Induction Conductivity Probe,A031 Natural Gamma Probe
\\prod.lan\active\proj\futurex\StuartCorridor\Data\Processed\Geophysics\InductionGamma\From-Data-Original\Induction_and_Gamma_Results\Daly_River\RN034596\RN034596_Induction_Down.LAS,\\prod.lan\active\proj\futurex\StuartCorridor\Data\Processed\Geophysics\InductionGamma\From-Data-Original\Induction_and_Gamma_Results\Daly_River\RN034596\RN034596_Gamma_Down.LAS,Daly River,RN034596,636293,10,top of casing protector,A034 Induction Conductivity Probe,A031 Natural Gamma Probe
\\prod.lan\active\proj\futurex\StuartCorridor\Data\Processed\Geophysics\InductionGamma\From-Data-Original\Induction_and_Gamma_Results\Daly_River\RN036813\RN036813_Induction_Down.LAS,\\prod.lan\active\proj\futurex\StuartCorridor\Data\Processed\Geophysics\InductionGamma\From-Data-Original\Induction_and_Gamma_Results\Daly_River\RN036813\RN036813_Gamma_Down.LAS,Daly River,RN036813,636290,10,top of casing protector,A034 Induction Conductivity Probe,A031 Natural Gamma Probe
\\prod.lan\active\proj\futurex\StuartCorridor\Data\Processed\Geophysics\InductionGamma\From-Data-Original\Induction_and_Gamma_Results\Daly_River\RN036815\RN036815_Induction_Down.LAS,\\prod.lan\active\proj\futurex\StuartCorridor\Data\Processed\Geophysics\InductionGamma\From-Data-Original\Induction_and_Gamma_Results\Daly_River\RN036815\RN036815_Gamma_Down.LAS,Daly River,RN036815,636289,10,top of casing protector,A034 Induction Conductivity Probe,A031 Natural Gamma Probe
\\prod.lan\active\proj\futurex\StuartCorridor\Data\Processed\Geophysics\InductionGamma\From-Data-Original\Induction_and_Gamma_Results\Daly_River\RN037041\RN037041_Induction_Down.LAS,\\prod.lan\active\proj\futurex\StuartCorridor\Data\Processed\Geophysics\InductionGamma\From-Data-Original\Induction_and_Gamma_Results\Daly_River\RN037041\RN037041_Gamma_down.LAS,Daly River,RN037041,636292,10,top of casing protector,A034 Induction Conductivity Probe,A031 Natural Gamma Probe
\\prod.lan\active\proj\futurex\StuartCorridor\Data\Processed\Geophysics\InductionGamma\From-Data-Original\Induction_and_Gamma_Results\Daly_River\RN037048\RN037048_Induction_Down.LAS,\\prod.lan\active\proj\futurex\StuartCorridor\Data\Processed\Geophysics\InductionGamma\From-Data-Original\Induction_and_Gamma_Results\Daly_River\RN037048\RN037048_Gamma_Down.LAS,Daly River,RN037048,636282,10,top of casing protector,A034 Induction Conductivity Probe,A031 Natural Gamma Probe
\\prod.lan\active\proj\futurex\StuartCorridor\Data\Processed\Geophysics\InductionGamma\From-Data-Original\Induction_and_Gamma_Results\Daly_River\RN037338\RN037338_Induction_Down.LAS,\\prod.lan\active\proj\futurex\StuartCorridor\Data\Processed\Geophysics\InductionGamma\From-Data-Original\Induction_and_Gamma_Results\Daly_River\RN037338\RN037338_Gamma_Down.LAS,Daly River,RN037338,636296,10,top of casing protector,A034 Induction Conductivity Probe,A031 Natural Gamma Probe
\\prod.lan\active\proj\futurex\StuartCorridor\Data\Processed\Geophysics\InductionGamma\From-Data-Original\Induction_and_Gamma_Results\Daly_River\RN037411\RN037411_Induction_Down.LAS,\\prod.lan\active\proj\futurex\StuartCorridor\Data\Processed\Geophysics\InductionGamma\From-Data-Original\Induction_and_Gamma_Results\Daly_River\RN037411\RN037411_Gamma_Down.LAS,Daly River,RN037411,636283,10,top of casing protector,A034 Induction Conductivity Probe,A031 Natural Gamma Probe
\\prod.lan\active\proj\futurex\StuartCorridor\Data\Processed\Geophysics\InductionGamma\From-Data-Original\Induction_and_Gamma_Results\Daly_River\RN037412\RN037412_Induction_Down.LAS,\\prod.lan\active\proj\futurex\StuartCorridor\Data\Processed\Geophysics\InductionGamma\From-Data-Original\Induction_and_Gamma_Results\Daly_River\RN037412\RN037412_Gamma_Down.LAS,Daly River,RN037412,636252,10,top of casing protector,A034 Induction Conductivity Probe,A031 Natural Gamma Probe
\\prod.lan\active\proj\futurex\StuartCorridor\Data\Processed\Geophysics\InductionGamma\From-Data-Original\Induction_and_Gamma_Results\Daly_River\RN037413\RN037413_Induction_Down.LAS,\\prod.lan\active\proj\futurex\StuartCorridor\Data\Processed\Geophysics\InductionGamma\From-Data-Original\Induction_and_Gamma_Results\Daly_River\RN037413\RN037413_Gamma_Down.LAS,Daly River,RN037413,636254,10,top of casing protector,A034 Induction Conductivity Probe,A031 Natural Gamma Probe
\\prod.lan\active\proj\futurex\StuartCorridor\Data\Processed\Geophysics\InductionGamma\From-Data-Original\Induction_and_Gamma_Results\Daly_River\RN037769\RN037769_Induction_Down.LAS,\\prod.lan\active\proj\futurex\StuartCorridor\Data\Processed\Geophysics\InductionGamma\From-Data-Original\Induction_and_Gamma_Results\Daly_River\RN037769\RN037769_Gamma_Down.LAS,Daly River,RN037769,636253,10,top of casing protector,A034 Induction Conductivity Probe,A031 Natural Gamma Probe
\\prod.lan\active\proj\futurex\StuartCorridor\Data\Processed\Geophysics\InductionGamma\From-Data-Original\Induction_and_Gamma_Results\Howard_East\RN020967\RN020967_Induction_Down.LAS,\\prod.lan\active\proj\futurex\StuartCorridor\Data\Processed\Geophysics\InductionGamma\From-Data-Original\Induction_and_Gamma_Results\Howard_East\RN020967\RN020967_Gamma_Down.LAS,Howard East,RN020967,636298,5,top of casing,A034 Induction Conductivity Probe,A031 Natural Gamma Probe
\\prod.lan\active\proj\futurex\StuartCorridor\Data\Processed\Geophysics\InductionGamma\From-Data-Original\Induction_and_Gamma_Results\Howard_East\RN021012\RN021012_Induction_Down.LAS,\\prod.lan\active\proj\futurex\StuartCorridor\Data\Processed\Geophysics\InductionGamma\From-Data-Original\Induction_and_Gamma_Results\Howard_East\RN021012\RN021012_Gamma_Down.LAS,Howard East,RN021012,636276,10,top of casing protector,A034 Induction Conductivity Probe,A031 Natural Gamma Probe
\\prod.lan\active\proj\futurex\StuartCorridor\Data\Processed\Geophysics\InductionGamma\From-Data-Original\Induction_and_Gamma_Results\Howard_East\RN021396\RN021396_Induction_Down.LAS,\\prod.lan\active\proj\futurex\StuartCorridor\Data\Processed\Geophysics\InductionGamma\From-Data-Original\Induction_and_Gamma_Results\Howard_East\RN021396\RN021396_Gamma_Down.LAS,Howard East,RN021396,636271,3,unknown,A034 Induction Conductivity Probe,A031 Natural Gamma Probe
\\prod.lan\active\proj\futurex\StuartCorridor\Data\Processed\Geophysics\InductionGamma\From-Data-Original\Induction_and_Gamma_Results\Howard_East\RN021762\RN021762_Induction_Down.LAS,\\prod.lan\active\proj\futurex\StuartCorridor\Data\Processed\Geophysics\InductionGamma\From-Data-Original\Induction_and_Gamma_Results\Howard_East\RN021762\RN021762_Gamma_Down.LAS,Howard East,RN021762,636261,10,top of casing protector,A034 Induction Conductivity Probe,A031 Natural Gamma Probe
\\prod.lan\active\proj\futurex\StuartCorridor\Data\Processed\Geophysics\InductionGamma\From-Data-Original\Induction_and_Gamma_Results\Howard_East\RN021765\RN021765_Induction_Down.LAS,\\prod.lan\active\proj\futurex\StuartCorridor\Data\Processed\Geophysics\InductionGamma\From-Data-Original\Induction_and_Gamma_Results\Howard_East\RN021765\RN021765_Gamma_Down.LAS,Howard East,RN021765,636275,10,top of casing protector,A034 Induction Conductivity Probe,A031 Natural Gamma Probe
\\prod.lan\active\proj\futurex\StuartCorridor\Data\Processed\Geophysics\InductionGamma\From-Data-Original\Induction_and_Gamma_Results\Howard_East\RN021768\RN021768_Induction_Down.LAS,\\prod.lan\active\proj\futurex\StuartCorridor\Data\Processed\Geophysics\InductionGamma\From-Data-Original\Induction_and_Gamma_Results\Howard_East\RN021768\RN021768_Gamma_Down.LAS,Howard East,RN021768,636268,10,top of casing protector,A034 Induction Conductivity Probe,A031 Natural Gamma Probe
\\prod.lan\active\proj\futurex\StuartCorridor\Data\Processed\Geophysics\InductionGamma\From-Data-Original\Induction_and_Gamma_Results\Howard_East\RN021769\RN021769_Induction_Down.LAS,\\prod.lan\active\proj\futurex\StuartCorridor\Data\Processed\Geophysics\InductionGamma\From-Data-Original\Induction_and_Gamma_Results\Howard_East\RN021769\RN021769_Gamma_Down.LAS,Howard East,RN021769,636262,5,top of casing,A034 Induction Conductivity Probe,A031 Natural Gamma Probe
\\prod.lan\active\proj\futurex\StuartCorridor\Data\Processed\Geophysics\InductionGamma\From-Data-Original\Induction_and_Gamma_Results\Howard_East\RN022060\RN022060_Induction_Down.LAS,\\prod.lan\active\proj\futurex\StuartCorridor\Data\Processed\Geophysics\InductionGamma\From-Data-Original\Induction_and_Gamma_Results\Howard_East\RN022060\RN022060_Gamma_Down.LAS,Howard East,RN022060,636259,10,top of casing protector,A034 Induction Conductivity Probe,A031 Natural Gamma Probe
\\prod.lan\active\proj\futurex\StuartCorridor\Data\Processed\Geophysics\InductionGamma\From-Data-Original\Induction_and_Gamma_Results\Howard_East\RN022063\RN022063_Induction_Down.LAS,\\prod.lan\active\proj\futurex\StuartCorridor\Data\Processed\Geophysics\InductionGamma\From-Data-Original\Induction_and_Gamma_Results\Howard_East\RN022063\RN022063_Gamma_Down.LAS,Howard East,RN022063,636260,10,top of casing protector,A034 Induction Conductivity Probe,A031 Natural Gamma Probe
\\prod.lan\active\proj\futurex\StuartCorridor\Data\Processed\Geophysics\InductionGamma\From-Data-Original\Induction_and_Gamma_Results\Howard_East\RN022065\RN022065_Induction_Down.LAS,\\prod.lan\active\proj\futurex\StuartCorridor\Data\Processed\Geophysics\InductionGamma\From-Data-Original\Induction_and_Gamma_Results\Howard_East\RN022063\RN022063_Gamma_Down.LAS,Howard East,RN022065,636267,10,top of casing protector,A034 Induction Conductivity Probe,A031 Natural Gamma Probe
\\prod.lan\active\proj\futurex\StuartCorridor\Data\Processed\Geophysics\InductionGamma\From-Data-Original\Induction_and_Gamma_Results\Howard_East\RN024402\RN024402_Induction_Down.LAS,\\prod.lan\active\proj\futurex\StuartCorridor\Data\Processed\Geophysics\InductionGamma\From-Data-Original\Induction_and_Gamma_Results\Howard_East\RN024402\RN024402_Gamma_Down.LAS,Howard East,RN024402,636258,10,top of casing protector,A034 Induction Conductivity Probe,A031 Natural Gamma Probe
\\prod.lan\active\proj\futurex\StuartCorridor\Data\Processed\Geophysics\InductionGamma\From-Data-Original\Induction_and_Gamma_Results\Howard_East\RN025420\RN025420_Induction_Down.LAS,\\prod.lan\active\proj\futurex\StuartCorridor\Data\Processed\Geophysics\InductionGamma\From-Data-Original\Induction_and_Gamma_Results\Howard_East\RN025420\RN025420_Gamma_Down.LAS,Howard East,RN025420,636270,10,top of casing protector,A034 Induction Conductivity Probe,A031 Natural Gamma Probe
\\prod.lan\active\proj\futurex\StuartCorridor\Data\Processed\Geophysics\InductionGamma\From-Data-Original\Induction_and_Gamma_Results\Howard_East\RN025423\RN025423_Induction_Down.LAS,\\prod.lan\active\proj\futurex\StuartCorridor\Data\Processed\Geophysics\InductionGamma\From-Data-Original\Induction_and_Gamma_Results\Howard_East\RN025423\RN025423_Gamma_Down.LAS,Howard East,RN025423,636264,10,top of casing protector,A034 Induction Conductivity Probe,A031 Natural Gamma Probe
\\prod.lan\active\proj\futurex\StuartCorridor\Data\Processed\Geophysics\InductionGamma\From-Data-Original\Induction_and_Gamma_Results\Howard_East\RN029425\RN029425_Induction_Down.LAS,\\prod.lan\active\proj\futurex\StuartCorridor\Data\Processed\Geophysics\InductionGamma\From-Data-Original\Induction_and_Gamma_Results\Howard_East\RN029425\RN029425_Gamma_Down.LAS,Howard East,RN029425,636274,10,top of casing protector,A034 Induction Conductivity Probe,A031 Natural Gamma Probe
\\prod.lan\active\proj\futurex\StuartCorridor\Data\Processed\Geophysics\InductionGamma\From-Data-Original\Induction_and_Gamma_Results\Howard_East\RN031977\RN031977_Induction_Down.LAS,\\prod.lan\active\proj\futurex\StuartCorridor\Data\Processed\Geophysics\InductionGamma\From-Data-Original\Induction_and_Gamma_Results\Howard_East\RN031977\RN031977_Gamma_Down.LAS,Howard East,RN031977,636272,10,top of casing protector,A034 Induction Conductivity Probe,A031 Natural Gamma Probe
\\prod.lan\active\proj\futurex\StuartCorridor\Data\Processed\Geophysics\InductionGamma\From-Data-Original\Induction_and_Gamma_Results\Howard_East\RN034679\RN034679_Induction_Down.LAS,\\prod.lan\active\proj\futurex\StuartCorridor\Data\Processed\Geophysics\InductionGamma\From-Data-Original\Induction_and_Gamma_Results\Howard_East\RN034679\RN034679_Gamma_Down.LAS,Howard East,RN034679,636266,10,top of casing protector,A034 Induction Conductivity Probe,A031 Natural Gamma Probe
\\prod.lan\active\proj\futurex\StuartCorridor\Data\Processed\Geophysics\InductionGamma\From-Data-Original\Induction_and_Gamma_Results\Howard_East\RN035864\RN035864_Induction_Down.LAS,\\prod.lan\active\proj\futurex\StuartCorridor\Data\Processed\Geophysics\InductionGamma\From-Data-Original\Induction_and_Gamma_Results\Howard_East\RN035864\RN035864_Gamma_Down.LAS,Howard East,RN035864,628380,5,top of casing,A034 Induction Conductivity Probe,A031 Natural Gamma Probe
\\prod.lan\active\proj\futurex\StuartCorridor\Data\Processed\Geophysics\InductionGamma\From-Data-Original\Induction_and_Gamma_Results\Howard_East\RN035865\RN035865_Induction_Down.LAS,\\prod.lan\active\proj\futurex\StuartCorridor\Data\Processed\Geophysics\InductionGamma\From-Data-Original\Induction_and_Gamma_Results\Howard_East\RN035865\RN035865_Gamma_Down.LAS,Howard East,RN035865,628379,3,unknown,A034 Induction Conductivity Probe,A031 Natural Gamma Probe
\\prod.lan\active\proj\futurex\StuartCorridor\Data\Processed\Geophysics\InductionGamma\From-Data-Original\Induction_and_Gamma_Results\Howard_East\RN035866\RN035866_Induction_Down.LAS,\\prod.lan\active\proj\futurex\StuartCorridor\Data\Processed\Geophysics\InductionGamma\From-Data-Original\Induction_and_Gamma_Results\Howard_East\RN035866\RN035866_Gamma_Down.LAS,Howard East,RN035866,636269,10,top of casing protector,A034 Induction Conductivity Probe,A031 Natural Gamma Probe
\\prod.lan\active\proj\futurex\StuartCorridor\Data\Processed\Geophysics\InductionGamma\From-Data-Original\Induction_and_Gamma_Results\Howard_East\RN035972\RN035972_Induction_Down.LAS,\\prod.lan\active\proj\futurex\StuartCorridor\Data\Processed\Geophysics\InductionGamma\From-Data-Original\Induction_and_Gamma_Results\Howard_East\RN035972\RN035972_Gamma_Down.LAS,Howard East,RN035972,636278,5,top of casing,A034 Induction Conductivity Probe,A031 Natural Gamma Probe
\\prod.lan\active\proj\futurex\StuartCorridor\Data\Processed\Geophysics\InductionGamma\From-Data-Original\Induction_and_Gamma_Results\Howard_East\RN036531\RN036531_Induction_Down.LAS,\\prod.lan\active\proj\futurex\StuartCorridor\Data\Processed\Geophysics\InductionGamma\From-Data-Original\Induction_and_Gamma_Results\Howard_East\RN036531\RN036531_Gamma_Down.LAS,Howard East,RN036531,628378,5,top of casing,A034 Induction Conductivity Probe,A031 Natural Gamma Probe
\\prod.lan\active\proj\futurex\StuartCorridor\Data\Processed\Geophysics\InductionGamma\From-Data-Original\Induction_and_Gamma_Results\Howard_East\RN036538\RN036538_Induction_Down.LAS,\\prod.lan\active\proj\futurex\StuartCorridor\Data\Processed\Geophysics\InductionGamma\From-Data-Original\Induction_and_Gamma_Results\Howard_East\RN036538\RN036538_Gamma_Down.LAS,Howard East,RN036538,635610,5,top of casing,A034 Induction Conductivity Probe,A031 Natural Gamma Probe
\\prod.lan\active\proj\futurex\StuartCorridor\Data\Processed\Geophysics\InductionGamma\From-Data-Original\Induction_and_Gamma_Results\Howard_East\RN037153\RN037153_Induction_Down.LAS,\\prod.lan\active\proj\futurex\StuartCorridor\Data\Processed\Geophysics\InductionGamma\From-Data-Original\Induction_and_Gamma_Results\Howard_East\RN037153\RN037153_Gamma_Down.LAS,Howard East,RN037153,536538,10,top of casing protector,A034 Induction Conductivity Probe,A031 Natural Gamma Probe
\\prod.lan\active\proj\futurex\StuartCorridor\Data\Processed\Geophysics\InductionGamma\From-Data-Original\Induction_and_Gamma_Results\Howard_East\RN037154\RN037154_Induction_Down.LAS,\\prod.lan\active\proj\futurex\StuartCorridor\Data\Processed\Geophysics\InductionGamma\From-Data-Original\Induction_and_Gamma_Results\Howard_East\RN037154\RN037154_Gamma_Down.LAS,Howard East,RN037154,536539,5,top of casing,A034 Induction Conductivity Probe,A031 Natural Gamma Probe
\\prod.lan\active\proj\futurex\StuartCorridor\Data\Processed\Geophysics\InductionGamma\From-Data-Original\Induction_and_Gamma_Results\Howard_East\RN038195\RN038195_Induction_Down.LAS,\\prod.lan\active\proj\futurex\StuartCorridor\Data\Processed\Geophysics\InductionGamma\From-Data-Original\Induction_and_Gamma_Results\Howard_East\RN038195\RN038195_Gamma_Down.LAS,Howard East,RN038195,628377,10,top of casing protector,A034 Induction Conductivity Probe,A031 Natural Gamma Probe
\\prod.lan\active\proj\futurex\StuartCorridor\Data\Processed\Geophysics\InductionGamma\From-Data-Original\Induction_and_Gamma_Results\Howard_East\RN038196\RN038196_Induction_Down.LAS,\\prod.lan\active\proj\futurex\StuartCorridor\Data\Processed\Geophysics\InductionGamma\From-Data-Original\Induction_and_Gamma_Results\Howard_East\RN038196\RN038196_Gamma_Down.LAS,Howard East,RN038196,628376,5,top of casing,A034 Induction Conductivity Probe,A031 Natural Gamma Probe
\\prod.lan\active\proj\futurex\StuartCorridor\Data\Processed\Geophysics\InductionGamma\From-Data-Original\Induction_and_Gamma_Results\Howard_East\RN039611\RN039611_Induction_Down.LAS,\\prod.lan\active\proj\futurex\StuartCorridor\Data\Processed\Geophysics\InductionGamma\From-Data-Original\Induction_and_Gamma_Results\Howard_East\RN039611\RN039611_Gamma_Down.LAS,Howard East,RN039611,628375,3,unknown,A034 Induction Conductivity Probe,A031 Natural Gamma Probe
\\prod.lan\active\proj\futurex\StuartCorridor\Data\Processed\Geophysics\InductionGamma\From-Data-Original\Induction_and_Gamma_Results\Howard_East\RN039612\RN039612_Induction_Down.LAS,\\prod.lan\active\proj\futurex\StuartCorridor\Data\Processed\Geophysics\InductionGamma\From-Data-Original\Induction_and_Gamma_Results\Howard_East\RN039612\RN039612_Gamma_Down.LAS,Howard East,RN039612,628374,5,top of casing,A034 Induction Conductivity Probe,A031 Natural Gamma Probe
\\prod.lan\active\proj\futurex\StuartCorridor\Data\Processed\Geophysics\InductionGamma\From-Data-Original\Induction_and_Gamma_Results\Tennant_Creek\RN013453\RN013453_Ind_Up.las,\\prod.lan\active\proj\futurex\StuartCorridor\Data\Processed\Geophysics\InductionGamma\From-Data-Original\Induction_and_Gamma_Results\Tennant_Creek\RN013453\RN013453_Gamma_Down.las,Tennant Creek,RN013453,621386,5,top of casing,A034 Induction Conductivity Probe,A031 Natural Gamma Probe
\\prod.lan\active\proj\futurex\StuartCorridor\Data\Processed\Geophysics\InductionGamma\From-Data-Original\Induction_and_Gamma_Results\Tennant_Creek\RN013454\RN013454_Ind_Up.las,\\prod.lan\active\proj\futurex\StuartCorridor\Data\Processed\Geophysics\InductionGamma\From-Data-Original\Induction_and_Gamma_Results\Tennant_Creek\RN013454\RN013454_Gamma_Down.las,Tennant Creek,RN013454,621385,5,top of casing,A034 Induction Conductivity Probe,A031 Natural Gamma Probe
\\prod.lan\active\proj\futurex\StuartCorridor\Data\Processed\Geophysics\InductionGamma\From-Data-Original\Induction_and_Gamma_Results\Tennant_Creek\RN013455\RN013455_Induction_Up.las,\\prod.lan\active\proj\futurex\StuartCorridor\Data\Processed\Geophysics\InductionGamma\From-Data-Original\Induction_and_Gamma_Results\Tennant_Creek\RN013455\RN013455_Gamma_Down.las,Tennant Creek,RN013455,621384,5,top of casing,A034 Induction Conductivity Probe,A031 Natural Gamma Probe
\\prod.lan\active\proj\futurex\StuartCorridor\Data\Processed\Geophysics\InductionGamma\From-Data-Original\Induction_and_Gamma_Results\Tennant_Creek\RN013457\RN013457_Induction_Up.las,\\prod.lan\active\proj\futurex\StuartCorridor\Data\Processed\Geophysics\InductionGamma\From-Data-Original\Induction_and_Gamma_Results\Tennant_Creek\RN013457\RN013457_Gamma_Down.las,Tennant Creek,RN013457,621383,5,top of casing,A034 Induction Conductivity Probe,A031 Natural Gamma Probe
\\prod.lan\active\proj\futurex\StuartCorridor\Data\Processed\Geophysics\InductionGamma\From-Data-Original\Induction_and_Gamma_Results\Tennant_Creek\RN013458\RN013458_Induction_Up.las,\\prod.lan\active\proj\futurex\StuartCorridor\Data\Processed\Geophysics\InductionGamma\From-Data-Original\Induction_and_Gamma_Results\Tennant_Creek\RN013458\RN013458_Gamma_Down.las,Tennant Creek,RN013458,621382,5,top of casing,A034 Induction Conductivity Probe,A031 Natural Gamma Probe
\\prod.lan\active\proj\futurex\StuartCorridor\Data\Processed\Geophysics\InductionGamma\From-Data-Original\Induction_and_Gamma_Results\Tennant_Creek\RN019364\RN019364_Ind_Down.las,\\prod.lan\active\proj\futurex\StuartCorridor\Data\Processed\Geophysics\InductionGamma\From-Data-Original\Induction_and_Gamma_Results\Tennant_Creek\RN019364\RN019364_Gamma_Down.las,Tennant Creek,RN019364,641189,5,top of casing,A034 Induction Conductivity Probe,A031 Natural Gamma Probe
\\prod.lan\active\proj\futurex\StuartCorridor\Data\Processed\Geophysics\InductionGamma\From-Data-Original\Induction_and_Gamma_Results\TiTree\RN017350\RN017350_Induction_down.LAS,\\prod.lan\active\proj\futurex\StuartCorridor\Data\Processed\Geophysics\InductionGamma\From-Data-Original\Induction_and_Gamma_Results\TiTree\RN017350\RN017350_Gamma_down.LAS,Ti Tree,RN017350,628366,5,top of casing,HII-383 Induction Conductivity Probe,A031 Natural Gamma Probe
\\prod.lan\active\proj\futurex\StuartCorridor\Data\Processed\Geophysics\InductionGamma\From-Data-Original\Induction_and_Gamma_Results\TiTree\RN018133\RN018133_Induction_Down.LAS,\\prod.lan\active\proj\futurex\StuartCorridor\Data\Processed\Geophysics\InductionGamma\From-Data-Original\Induction_and_Gamma_Results\TiTree\RN018133\RN018133_Gamma_Down.LAS,Ti Tree,RN018133,628367,10,top of casing protector,HII-383 Induction Conductivity Probe,A031 Natural Gamma Probe
\\prod.lan\active\proj\futurex\StuartCorridor\Data\Processed\Geophysics\InductionGamma\From-Data-Original\Induction_and_Gamma_Results\TiTree\RN018603\RN018603_Induction_down.LAS,\\prod.lan\active\proj\futurex\StuartCorridor\Data\Processed\Geophysics\InductionGamma\From-Data-Original\Induction_and_Gamma_Results\TiTree\RN018603\RN018603_Induction_down.LAS,Ti Tree,RN018603,628369,10,top of casing protector,HII-383 Induction Conductivity Probe,A031 Natural Gamma Probe
\\prod.lan\active\proj\futurex\StuartCorridor\Data\Processed\Geophysics\InductionGamma\From-Data-Original\Induction_and_Gamma_Results\TiTree\RN018612\RN018612_Induction_down.LAS,\\prod.lan\active\proj\futurex\StuartCorridor\Data\Processed\Geophysics\InductionGamma\From-Data-Original\Induction_and_Gamma_Results\TiTree\RN018612\RN018612_Gamma_down.LAS,Ti Tree,RN018612,628364,10,top of casing protector,HII-383 Induction Conductivity Probe,A031 Natural Gamma Probe
\\prod.lan\active\proj\futurex\StuartCorridor\Data\Processed\Geophysics\InductionGamma\From-Data-Original\Induction_and_Gamma_Results\TiTree\RN018892\RN018892_Induction_Down.LAS,\\prod.lan\active\proj\futurex\StuartCorridor\Data\Processed\Geophysics\InductionGamma\From-Data-Original\Induction_and_Gamma_Results\TiTree\RN018892\RN018892_Gamma_Down.LAS,Ti Tree,RN018892,628370,10,top of casing protector,HII-383 Induction Conductivity Probe,A031 Natural Gamma Probe
\\prod.lan\active\proj\futurex\StuartCorridor\Data\Processed\Geophysics\InductionGamma\From-Data-Original\Induction_and_Gamma_Results\TiTree\RN018912\RN018912_Induction_down.LAS,\\prod.lan\active\proj\futurex\StuartCorridor\Data\Processed\Geophysics\InductionGamma\From-Data-Original\Induction_and_Gamma_Results\TiTree\RN018912\RN018912_Gamma_down.LAS,Ti Tree,RN018912,628363,10,top of casing protector,HII-383 Induction Conductivity Probe,A031 Natural Gamma Probe
\\prod.lan\active\proj\futurex\StuartCorridor\Data\Processed\Geophysics\InductionGamma\From-Data-Original\Induction_and_Gamma_Results\TiTree\RN018921\RN018921_Induction_down.LAS,\\prod.lan\active\proj\futurex\StuartCorridor\Data\Processed\Geophysics\InductionGamma\From-Data-Original\Induction_and_Gamma_Results\TiTree\RN018921\RN018921_Gamma_down.LAS,Ti Tree,RN018921,628365,3,unknown,HII-383 Induction Conductivity Probe,A031 Natural Gamma Probe
\\prod.lan\active\proj\futurex\StuartCorridor\Data\Processed\Geophysics\InductionGamma\From-Data-Original\Induction_and_Gamma_Results\TiTree\RN018925\RN018925_Induction_down.LAS,\\prod.lan\active\proj\futurex\StuartCorridor\Data\Processed\Geophysics\InductionGamma\From-Data-Original\Induction_and_Gamma_Results\TiTree\RN018925\RN018925_Gamma_down.LAS,Ti Tree,RN018925,628368,3,unknown,HII-383 Induction Conductivity Probe,A031 Natural Gamma Probe
\\prod.lan\active\proj\futurex\StuartCorridor\Data\Processed\Geophysics\InductionGamma\From-Data-Original\Induction_and_Gamma_Results\TiTree\RN019449_SSC18-03\RN019449_ind_down.LAS,\\prod.lan\active\proj\futurex\StuartCorridor\Data\Processed\Geophysics\InductionGamma\From-Data-Original\Induction_and_Gamma_Results\TiTree\RN019449_SSC18-03\RN019449_gamma_down_surf_160m.LAS,Ti Tree,RN019449,636124,5,top of casing,HII-383 Induction Conductivity Probe,QL40 SGR Spectral Gamma Probe
\\prod.lan\active\proj\futurex\StuartCorridor\Data\Processed\Geophysics\InductionGamma\From-Data-Original\Induction_and_Gamma_Results\West_Davenport\RN016933\RN016933_Induction_down.LAS,\\prod.lan\active\proj\futurex\StuartCorridor\Data\Processed\Geophysics\InductionGamma\From-Data-Original\Induction_and_Gamma_Results\West_Davenport\RN016933\RN016933_Gamma_down.LAS,West Davenport,RN016933,628355,5,top of casing,HII-383 Induction Conductivity Probe,A031 Natural Gamma Probe
\\prod.lan\active\proj\futurex\StuartCorridor\Data\Processed\Geophysics\InductionGamma\From-Data-Original\Induction_and_Gamma_Results\West_Davenport\RN017585\RN017585_Induction_down.LAS,\\prod.lan\active\proj\futurex\StuartCorridor\Data\Processed\Geophysics\InductionGamma\From-Data-Original\Induction_and_Gamma_Results\West_Davenport\RN017585\RN017585_Gamma_down.LAS,West Davenport,RN017585,628354,5,top of casing,HII-383 Induction Conductivity Probe,A031 Natural Gamma Probe
\\prod.lan\active\proj\futurex\StuartCorridor\Data\Processed\Geophysics\InductionGamma\From-Data-Original\Induction_and_Gamma_Results\West_Davenport\RN017587\RN017587_Induction_Down.las,\\prod.lan\active\proj\futurex\StuartCorridor\Data\Processed\Geophysics\InductionGamma\From-Data-Original\Induction_and_Gamma_Results\West_Davenport\RN017587\RN017587_Gamma_Down2.las,West Davenport,RN017587,621379,5,top of casing,A034 Induction Conductivity Probe,A031 Natural Gamma Probe
\\prod.lan\active\proj\futurex\StuartCorridor\Data\Processed\Geophysics\InductionGamma\From-Data-Original\Induction_and_Gamma_Results\West_Davenport\RN017589\RN017589_Induction_Down.las,\\prod.lan\active\proj\futurex\StuartCorridor\Data\Processed\Geophysics\InductionGamma\From-Data-Original\Induction_and_Gamma_Results\West_Davenport\RN017589\RN017589_Gamma_Down.LAS,West Davenport,RN017589,628358,5,top of casing,A034 Induction Conductivity Probe,A031 Natural Gamma Probe
\\prod.lan\active\proj\futurex\StuartCorridor\Data\Processed\Geophysics\InductionGamma\From-Data-Original\Induction_and_Gamma_Results\West_Davenport\RN017591\RN017591_Induction_down.LAS,\\prod.lan\active\proj\futurex\StuartCorridor\Data\Processed\Geophysics\InductionGamma\From-Data-Original\Induction_and_Gamma_Results\West_Davenport\RN017591\RN017591_Gamma_down.LAS,West Davenport,RN017591,628359,5,top of casing,HII-383 Induction Conductivity Probe,A031 Natural Gamma Probe
\\prod.lan\active\proj\futurex\StuartCorridor\Data\Processed\Geophysics\InductionGamma\From-Data-Original\Induction_and_Gamma_Results\West_Davenport\RN017594\RN017594_Induction_Down.LAS,\\prod.lan\active\proj\futurex\StuartCorridor\Data\Processed\Geophysics\InductionGamma\From-Data-Original\Induction_and_Gamma_Results\West_Davenport\RN017594\RN017594_Gamma_Down.LAS,West Davenport,RN017594,628357,5,top of casing,HII-383 Induction Conductivity Probe,A031 Natural Gamma Probe
\\prod.lan\active\proj\futurex\StuartCorridor\Data\Processed\Geophysics\InductionGamma\From-Data-Original\Induction_and_Gamma_Results\West_Davenport\RN018402\RN018402_Induction_Down.LAS,\\prod.lan\active\proj\futurex\StuartCorridor\Data\Processed\Geophysics\InductionGamma\From-Data-Original\Induction_and_Gamma_Results\West_Davenport\RN018402\RN018402_Gamma_Down.LAS,West Davenport,RN018402,628356,10,top of casing protector,HII-383 Induction Conductivity Probe,A031 Natural Gamma Probe
\\prod.lan\active\proj\futurex\StuartCorridor\Data\Processed\Geophysics\InductionGamma\From-Data-Original\Induction_and_Gamma_Results\West_Davenport\RN019114\RN019114_Induction_Up_3.LAS,\\prod.lan\active\proj\futurex\StuartCorridor\Data\Processed\Geophysics\InductionGamma\From-Data-Original\Induction_and_Gamma_Results\West_Davenport\RN019114\RN019114_Gamma_Down.LAS,West Davenport,RN019114,628360,10,top of casing protector,HII-383 Induction Conductivity Probe,A031 Natural Gamma Probe
\\prod.lan\active\proj\futurex\StuartCorridor\Data\Processed\Geophysics\InductionGamma\From-Data-Original\Induction_and_Gamma_Results\West_Davenport\RN019115\RN019115_Induction_down.LAS,\\prod.lan\active\proj\futurex\StuartCorridor\Data\Processed\Geophysics\InductionGamma\From-Data-Original\Induction_and_Gamma_Results\West_Davenport\RN019115\RN019115_Gamma_down.LAS,West Davenport,RN019115,628361,3,unknown,HII-383 Induction Conductivity Probe,A031 Natural Gamma Probe
\\prod.lan\active\proj\futurex\StuartCorridor\Data\Processed\Geophysics\InductionGamma\From-Data-Original\Induction_and_Gamma_Results\West_Davenport\RN019136\RN019136_Induction_Down.LAS,\\prod.lan\active\proj\futurex\StuartCorridor\Data\Processed\Geophysics\InductionGamma\From-Data-Original\Induction_and_Gamma_Results\West_Davenport\RN019136\RN019136_Gamma_Down.LAS,West Davenport,RN019136,628362,3,unknown,HII-383 Induction Conductivity Probe,A031 Natural Gamma Probe
\\prod.lan\active\proj\futurex\StuartCorridor\Data\Processed\Geophysics\InductionGamma\From-Data-Original\Induction_and_Gamma_Results\West_Davenport\RN019450_SSC18-38\RN019450_ind_down.LAS,\\prod.lan\active\proj\futurex\StuartCorridor\Data\Processed\Geophysics\InductionGamma\From-Data-Original\Induction_and_Gamma_Results\West_Davenport\RN019450_SSC18-38\RN019450_gamma_down.LAS,West Davenport,RN019450,636118,10,top of casing protector,HII-383 Induction Conductivity Probe,QL40 SGR Spectral Gamma Probe
\\prod.lan\active\proj\futurex\StuartCorridor\Data\Processed\Geophysics\InductionGamma\From-Data-Original\Induction_and_Gamma_Results\West_Davenport\RN019451_SSC18-35\RN019451_ind_down.LAS,\\prod.lan\active\proj\futurex\StuartCorridor\Data\Processed\Geophysics\InductionGamma\From-Data-Original\Induction_and_Gamma_Results\West_Davenport\RN019451_SSC18-35\RN019451_gamma_down.LAS,West Davenport,RN019451,636122,10,top of casing protector,HII-383 Induction Conductivity Probe,QL40 SGR Spectral Gamma Probe
\\prod.lan\active\proj\futurex\StuartCorridor\Data\Processed\Geophysics\InductionGamma\From-Data-Original\Induction_and_Gamma_Results\West_Davenport\RN019452_SSC18-17a\RN019452_ind_down.LAS,\\prod.lan\active\proj\futurex\StuartCorridor\Data\Processed\Geophysics\InductionGamma\From-Data-Original\Induction_and_Gamma_Results\West_Davenport\RN019452_SSC18-17a\RN019452_gamma_down.LAS,West Davenport,RN019452,636119,5,top of casing,HII-383 Induction Conductivity Probe,QL40 SGR Spectral Gamma Probe
\\prod.lan\active\proj\futurex\StuartCorridor\Data\Processed\Geophysics\InductionGamma\From-Data-Original\Induction_and_Gamma_Results\West_Davenport\RN019453_SSC18-39\RN019453_ind_down.LAS,\\prod.lan\active\proj\futurex\StuartCorridor\Data\Processed\Geophysics\InductionGamma\From-Data-Original\Induction_and_Gamma_Results\West_Davenport\RN019453_SSC18-39\RN019453_gamma_down.LAS,West Davenport,RN019453,636117,10,top of casing protector,HII-383 Induction Conductivity Probe,QL40 SGR Spectral Gamma Probe
\\prod.lan\active\proj\futurex\StuartCorridor\Data\Processed\Geophysics\InductionGamma\From-Data-Original\Induction_and_Gamma_Results\West_Davenport\RN019454_SSC18-16\RN019454_ind_down.LAS,\\prod.lan\active\proj\futurex\StuartCorridor\Data\Processed\Geophysics\InductionGamma\From-Data-Original\Induction_and_Gamma_Results\West_Davenport\RN019454_SSC18-16\RN019454_gamma_down.LAS,West Davenport,RN019454,636116,10,top of casing protector,HII-383 Induction Conductivity Probe,QL40 SGR Spectral Gamma Probe
\\prod.lan\active\proj\futurex\StuartCorridor\Data\Processed\Geophysics\InductionGamma\From-Data-Original\Induction_and_Gamma_Results\West_Davenport\RN019455_SSC18-23\RN019455_ind_down.LAS,\\prod.lan\active\proj\futurex\StuartCorridor\Data\Processed\Geophysics\InductionGamma\From-Data-Original\Induction_and_Gamma_Results\West_Davenport\RN019455_SSC18-23\RN019455_gamma_down.LAS,West Davenport,RN019455,636303,5,top of casing,HII-383 Induction Conductivity Probe,QL40 SGR Spectral Gamma Probe
\\prod.lan\active\proj\futurex\StuartCorridor\Data\Processed\Geophysics\InductionGamma\From-Data-Original\Induction_and_Gamma_Results\West_Davenport\RN019456_SSC18-60\RN019456_ind_down.LAS,\\prod.lan\active\proj\futurex\StuartCorridor\Data\Processed\Geophysics\InductionGamma\From-Data-Original\Induction_and_Gamma_Results\West_Davenport\RN019456_SSC18-60\RN019456_gamma_down.LAS,West Davenport,RN019456,636219,5,top of casing,HII-383 Induction Conductivity Probe,QL40 SGR Spectral Gamma Probe
\\prod.lan\active\proj\futurex\StuartCorridor\Data\Processed\Geophysics\InductionGamma\From-Data-Original\Induction_and_Gamma_Results\West_Davenport\RN019457_SSC18-62\RN019457_ind_down.LAS,\\prod.lan\active\proj\futurex\StuartCorridor\Data\Processed\Geophysics\InductionGamma\From-Data-Original\Induction_and_Gamma_Results\West_Davenport\RN019457_SSC18-62\RN019457_gamma_down.LAS,West Davenport,RN019457,636220,5,top of casing,HII-383 Induction Conductivity Probe,QL40 SGR Spectral Gamma Probe
\\prod.lan\active\proj\futurex\StuartCorridor\Data\Processed\Geophysics\InductionGamma\From-Data-Original\Induction_and_Gamma_Results\West_Davenport\RN019680_SSC18-54\RN019680_ind_down.LAS,\\prod.lan\active\proj\futurex\StuartCorridor\Data\Processed\Geophysics\InductionGamma\From-Data-Original\Induction_and_Gamma_Results\West_Davenport\RN019680_SSC18-54\RN019680_gamma_down.LAS,West Davenport,RN019680,641106,5,top of casing,HII-383 Induction Conductivity Probe,QL40 SGR Spectral Gamma Probe
,\\prod.lan\active\proj\futurex\StuartCorridor\Data\Processed\Geophysics\InductionGamma\From-Data-Original\Induction_and_Gamma_Results\TiTree\RN019449_SSC18-03\RN019449_gamma_down_160m_292m.LAS,Ti Tree,RN019449,636124,5,top of casing,,QL40 SGR Spectral Gamma Probe
,\\prod.lan\active\proj\futurex\StuartCorridor\Data\Processed\Geophysics\InductionGamma\From-Data-Original\Induction_and_Gamma_Results\Alice_Springs\RN019678\RN019678_gamma_down_from_88m.LAS,Alice Springs,RN019678,636301,5,top of casing,,QL40 SGR Spectral Gamma Probe
