BOREHOLE_NAME,ORIG_LON,ORIG_LAT,ORIG_Z,ORIG_SRID,ENO,ELEVATION_VALUE,INPUT_UNCERTAINTY_Z,ELEVATION_UOM,ELEVATION_DATUM,ELEVATION_DATUM_CONFIDENCE,DEPTH_REFERENCE_TYPE,DEPTH_REFERENCE_DATUM,DEPTH_REFERENCE_HEIGHT,DEPTH_REFERENCE_UOM,ALTERNATE_NAMES,LOCATION_METHOD,GDA94_LONGITUDE,GDA94_LATITUDE,PREFERRED_TD_M,SRID,COORD_REF_SYS_NAME,DEPTH_REFERENCE_TYPE_ID,projected_crs,easting,northing,geographic_crs
13BP01D,473886.62,8333260.73,,82465,627061,84.04,0.1,m,Australian Height Datum,assumed,ground surface,ground level,0,m,,GPS differential observation,128.7570292,-15.0759335,174,82465,MGA94 Zone 52,3,GDA94 / MGA zone 52,473887.997,8333260.996,GDA94
13BP01D,473886.62,8333260.73,,82465,627061,84.04,0.1,m,Australian Height Datum,assumed,top of casing protector,ground level,0.73,m,,GPS differential observation,128.7570292,-15.0759335,174,82465,MGA94 Zone 52,10,GDA94 / MGA zone 52,473887.997,8333260.996,GDA94
81010175,470932,8351821,,82465,627062,6.308,0.1,m,Australian Height Datum,known,ground surface,ground level,0,m,"CGDH6,Yow Bore",digital elevation model,128.7297347,-14.9080989,114,82465,MGA94 Zone 52,3,GDA94 / MGA zone 52,470931.9952,8351820.997,GDA94
81010175,470932,8351821,,82465,627062,6.308,0.1,m,Australian Height Datum,known,top of casing,ground level,0.48,m,"CGDH6,Yow Bore",digital elevation model,128.7297347,-14.9080989,114,82465,MGA94 Zone 52,5,GDA94 / MGA zone 52,470931.9952,8351820.997,GDA94
17BP06I,476482.346,8321899.871,,82465,627063,94.617,0.1,m,Australian Height Datum,assumed,ground surface,ground level,0,m,,GPS differential observation,128.7810639,-15.1786747,107.6,82465,MGA94 Zone 52,3,GDA94 / MGA zone 52,476482.3428,8321899.872,GDA94
17BP06I,476482.346,8321899.871,,82465,627063,94.617,0.1,m,Australian Height Datum,assumed,top of casing,ground level,0.58,m,,GPS differential observation,128.7810639,-15.1786747,107.6,82465,MGA94 Zone 52,5,GDA94 / MGA zone 52,476482.3428,8321899.872,GDA94
17BP01I,478993.383,8335027.204,,82465,621622,41.75,0.1,m,Australian Height Datum,assumed,ground surface,ground level,0,m,,GPS differential observation,128.8045489,-15.0600109,121.5,82465,MGA94 Zone 52,3,GDA94 / MGA zone 52,478993.3832,8335027.208,GDA94
17BP01I,478993.383,8335027.204,,82465,621622,41.75,0.1,m,Australian Height Datum,assumed,top of casing,ground level,905,mm,,GPS differential observation,128.8045489,-15.0600109,121.5,82465,MGA94 Zone 52,5,GDA94 / MGA zone 52,478993.3832,8335027.208,GDA94
17BP03I,469012.153,8340498.65,,82465,621623,109.525,0.1,m,Australian Height Datum,assumed,ground surface,ground level,0,m,,GPS differential observation,128.711748,-15.0104441,52.3,82465,MGA94 Zone 52,3,GDA94 / MGA zone 52,469012.1479,8340498.654,GDA94
17BP03I,469012.153,8340498.65,,82465,621623,109.525,0.1,m,Australian Height Datum,assumed,top of casing,ground level,410,mm,,GPS differential observation,128.711748,-15.0104441,52.3,82465,MGA94 Zone 52,5,GDA94 / MGA zone 52,469012.1479,8340498.654,GDA94
17BP04I,462705.715,8344019.122,,82465,621624,66.474,0.1,m,Australian Height Datum,assumed,ground surface,ground level,0,m,,GPS differential observation,128.6531369,-14.9785335,62.2,82465,MGA94 Zone 52,3,GDA94 / MGA zone 52,462705.7099,8344019.117,GDA94
17BP04I,462705.715,8344019.122,,82465,621624,66.474,0.1,m,Australian Height Datum,assumed,top of casing,ground level,540,mm,,GPS differential observation,128.6531369,-14.9785335,62.2,82465,MGA94 Zone 52,5,GDA94 / MGA zone 52,462705.7099,8344019.117,GDA94
17BP05I,461179.05,8347241.926,,82465,621625,41.333,0.1,m,Australian Height Datum,assumed,ground surface,ground level,0,m,,GPS differential observation,128.6389869,-14.9493738,96,82465,MGA94 Zone 52,3,GDA94 / MGA zone 52,461179.0549,8347241.926,GDA94
17BP05I,461179.05,8347241.926,,82465,621625,41.333,0.1,m,Australian Height Datum,assumed,top of casing,ground level,560,mm,,GPS differential observation,128.6389869,-14.9493738,96,82465,MGA94 Zone 52,5,GDA94 / MGA zone 52,461179.0549,8347241.926,GDA94
RN034821,514784,8313635,,82465,626984,12.281,0.1,m,Australian Height Datum,known,ground surface,ground level,0,m,,digital elevation model,129.1376794,-15.253462,11.8,82465,MGA94 Zone 52,3,GDA94 / MGA zone 52,514783.9968,8313634.999,GDA94
RN034821,514784,8313635,,82465,626984,12.281,0.1,m,Australian Height Datum,known,top of casing,ground level,0.31,m,,digital elevation model,129.1376794,-15.253462,11.8,82465,MGA94 Zone 52,5,GDA94 / MGA zone 52,514783.9968,8313634.999,GDA94
RN029665,512860,8302461,47,82465,626987,47,0.1,m,GPS ellipsoid,known,ground surface,ground level,0,m,,GPS differential observation,129.1198192,-15.354496,24.6,82465,MGA94 Zone 52,3,GDA94 / MGA zone 52,512859.9999,8302461.002,GDA94
RN029665,512860,8302461,47,82465,626987,47,0.1,m,GPS ellipsoid,known,top of casing,ground level,0.5,m,,GPS differential observation,129.1198192,-15.354496,24.6,82465,MGA94 Zone 52,5,GDA94 / MGA zone 52,512859.9999,8302461.002,GDA94
RN029665,512860,8302461,47,82465,626987,47,0.1,m,GPS ellipsoid,known,top of casing protector,ground level,400,mm,,GPS differential observation,129.1198192,-15.354496,24.6,82465,MGA94 Zone 52,10,GDA94 / MGA zone 52,512859.9999,8302461.002,GDA94
RN029653,514021,8301501,47.9,82465,626988,47.9,0.1,m,GPS ellipsoid,known,ground surface,ground level,0,m,,GPS differential observation,129.1306419,-15.3631692,18.8,82465,MGA94 Zone 52,3,GDA94 / MGA zone 52,514021.005,8301501.003,GDA94
RN029653,514021,8301501,47.9,82465,626988,47.9,0.1,m,GPS ellipsoid,known,top of casing,ground level,0.5,m,,GPS differential observation,129.1306419,-15.3631692,18.8,82465,MGA94 Zone 52,5,GDA94 / MGA zone 52,514021.005,8301501.003,GDA94
RN029653,514021,8301501,47.9,82465,626988,47.9,0.1,m,GPS ellipsoid,known,top of casing protector,ground level,400,mm,,GPS differential observation,129.1306419,-15.3631692,18.8,82465,MGA94 Zone 52,10,GDA94 / MGA zone 52,514021.005,8301501.003,GDA94
RN029656,504845,8293381,,82465,626989,17.65,0.1,m,Australian Height Datum,known,ground surface,ground level,0,m,,GPS differential observation,129.0451596,-15.4366151,36.8,82465,MGA94 Zone 52,3,GDA94 / MGA zone 52,504845.0032,8293380.999,GDA94
RN029656,504845,8293381,,82465,626989,17.65,0.1,m,Australian Height Datum,known,top of casing,ground level,0.5,m,,GPS differential observation,129.0451596,-15.4366151,36.8,82465,MGA94 Zone 52,5,GDA94 / MGA zone 52,504845.0032,8293380.999,GDA94
RN029666,518194,8307268,44.5,82465,626990,44.5,0.1,m,GPS ellipsoid,known,ground surface,ground level,0,m,,GPS differential observation,129.169482,-15.3110041,17.7,82465,MGA94 Zone 52,3,GDA94 / MGA zone 52,518194.0016,8307267.996,GDA94
RN029666,518194,8307268,44.5,82465,626990,44.5,0.1,m,GPS ellipsoid,known,top of casing,ground level,0.5,m,,GPS differential observation,129.169482,-15.3110041,17.7,82465,MGA94 Zone 52,5,GDA94 / MGA zone 52,518194.0016,8307267.996,GDA94
RN029666,518194,8307268,44.5,82465,626990,44.5,0.1,m,GPS ellipsoid,known,top of casing protector,ground level,340,mm,,GPS differential observation,129.169482,-15.3110041,17.7,82465,MGA94 Zone 52,10,GDA94 / MGA zone 52,518194.0016,8307267.996,GDA94
RN029662,500590,8288080,,82465,626991,18.952,0.1,m,Australian Height Datum,known,ground surface,ground level,0,m,,digital elevation model,129.0055006,-15.4845452,21.2,82465,MGA94 Zone 52,3,GDA94 / MGA zone 52,500590.0029,8288080.001,GDA94
RN029662,500590,8288080,,82465,626991,18.952,0.1,m,Australian Height Datum,known,top of casing,ground level,0.5,m,,digital elevation model,129.0055006,-15.4845452,21.2,82465,MGA94 Zone 52,5,GDA94 / MGA zone 52,500590.0029,8288080.001,GDA94
RN029662,500590,8288080,,82465,626991,18.952,0.1,m,Australian Height Datum,known,top of casing protector,ground level,420,mm,,digital elevation model,129.0055006,-15.4845452,21.2,82465,MGA94 Zone 52,10,GDA94 / MGA zone 52,500590.0029,8288080.001,GDA94
RN030826,501892,8274331,,82465,626992,28.793,0.1,m,Australian Height Datum,known,ground surface,ground level,0,m,,digital elevation model,129.0176497,-15.6088464,32,82465,MGA94 Zone 52,3,GDA94 / MGA zone 52,501891.9991,8274330.996,GDA94
RN030826,501892,8274331,,82465,626992,28.793,0.1,m,Australian Height Datum,known,top of casing,ground level,0.55,m,,digital elevation model,129.0176497,-15.6088464,32,82465,MGA94 Zone 52,5,GDA94 / MGA zone 52,501891.9991,8274330.996,GDA94
RN030826,501892,8274331,,82465,626992,28.793,0.1,m,Australian Height Datum,known,top of casing protector,ground level,545,mm,,digital elevation model,129.0176497,-15.6088464,32,82465,MGA94 Zone 52,10,GDA94 / MGA zone 52,501891.9991,8274330.996,GDA94
RN037154,737531,8618857,76,82465,536539,76,20,m,GPS ellipsoid,assumed,ground surface,ground level,0,m,20118053005,GPS observation,131.1855046,-12.4848045,59.7,82465,MGA94 Zone 52,3,GDA94 / MGA zone 52,737530.9999,8618856.997,GDA94
RN037154,737531,8618857,76,82465,536539,76,20,m,GPS ellipsoid,assumed,top of casing,ground level,815,mm,20118053005,GPS observation,131.1855046,-12.4848045,59.7,82465,MGA94 Zone 52,5,GDA94 / MGA zone 52,737530.9999,8618856.997,GDA94
RN037153,735787,8627728,82,82465,536538,82,20,m,GPS ellipsoid,assumed,ground surface,ground level,0,m,20118053004,GPS observation,131.1688005,-12.4047706,71.8,82465,MGA94 Zone 52,3,GDA94 / MGA zone 52,735787.0004,8627727.995,GDA94
RN037153,735787,8627728,82,82465,536538,82,20,m,GPS ellipsoid,assumed,top of casing protector,ground level,0.95,m,20118053004,GPS observation,131.1688005,-12.4047706,71.8,82465,MGA94 Zone 52,10,GDA94 / MGA zone 52,735787.0004,8627727.995,GDA94
RN017339,134.0491667,-23.84,521.44832,4283,626660,507,10,m,Australian Height Datum,assumed,ground surface,ground level,0,m,,GPS observation,134.0491667,-23.84,50,4283,GDA94,3,GDA94 / MGA zone 53,403167.518,7363162.731,GDA94
RN017339,134.0491667,-23.84,521.44832,4283,626660,507,10,m,Australian Height Datum,assumed,unknown,ground level,535,mm,,GPS observation,134.0491667,-23.84,50,4283,GDA94,9,GDA94 / MGA zone 53,403167.518,7363162.731,GDA94
RN018334,429313,7366264,,82466,621377,459,16,m,Australian Height Datum,assumed,ground surface,ground level,0,m,Undoolya Station - Junction Bore,GPS observation,134.3060303,-23.8133601,60.45,82466,MGA94 Zone 53,3,GDA94 / MGA zone 53,429312.9995,7366263.997,GDA94
RN018334,429313,7366264,,82466,621377,459,16,m,Australian Height Datum,assumed,top of casing,ground level,470,mm,Undoolya Station - Junction Bore,GPS observation,134.3060303,-23.8133601,60.45,82466,MGA94 Zone 53,5,GDA94 / MGA zone 53,429312.9995,7366263.997,GDA94
RN018334,429313,7366264,,82466,621377,459,16,m,Australian Height Datum,assumed,top of casing protector,ground level,570,mm,Undoolya Station - Junction Bore,GPS observation,134.3060303,-23.8133601,60.45,82466,MGA94 Zone 53,10,GDA94 / MGA zone 53,429312.9995,7366263.997,GDA94
RN017587,448240,7669678,,82466,621379,379,10,m,Australian Height Datum,known,ground surface,ground level,0,m,,GPS observation,134.5017284,-21.0731291,90,82466,MGA94 Zone 53,3,GDA94 / MGA zone 53,448240.0024,7669678.003,GDA94
RN017587,448240,7669678,,82466,621379,379,10,m,Australian Height Datum,known,top of casing,ground level,760,mm,,GPS observation,134.5017284,-21.0731291,90,82466,MGA94 Zone 53,5,GDA94 / MGA zone 53,448240.0024,7669678.003,GDA94
RN017537,397648.2,7354046.67,,81932,621380,508,16,m,Australian Height Datum,assumed,ground surface,ground level,0,m,,GPS observation,133.9956123,-23.9204637,140,81932,AMG Zone 53 (AGD 66),3,GDA94 / MGA zone 53,397776.4222,7354215.874,GDA94
RN017537,397648.2,7354046.67,,81932,621380,508,16,m,Australian Height Datum,assumed,top of casing,ground level,600,mm,,GPS observation,133.9956123,-23.9204637,140,81932,AMG Zone 53 (AGD 66),5,GDA94 / MGA zone 53,397776.4222,7354215.874,GDA94
RN017536,394559.01,7354819.61,,81932,621381,528,16,m,Australian Height Datum,assumed,ground surface,ground level,0,m,,GPS observation,133.9653192,-23.9132821,300,81932,AMG Zone 53 (AGD 66),3,GDA94 / MGA zone 53,394687.2355,7354988.807,GDA94
RN017536,394559.01,7354819.61,,81932,621381,528,16,m,Australian Height Datum,assumed,top of casing,ground level,650,mm,,GPS observation,133.9653192,-23.9132821,300,81932,AMG Zone 53 (AGD 66),5,GDA94 / MGA zone 53,394687.2355,7354988.807,GDA94
RN013458,403754,7808234,,82466,621382,314,16,m,Australian Height Datum,assumed,ground surface,ground level,0,m,,GPS observation,134.0809859,-19.8194719,39.6,82466,MGA94 Zone 53,3,GDA94 / MGA zone 53,403754.0028,7808234.001,GDA94
RN013458,403754,7808234,,82466,621382,314,16,m,Australian Height Datum,assumed,top of casing,ground level,900,mm,,GPS observation,134.0809859,-19.8194719,39.6,82466,MGA94 Zone 53,5,GDA94 / MGA zone 53,403754.0028,7808234.001,GDA94
RN013457,404311,7810732,,82466,621383,310,16,m,Australian Height Datum,assumed,ground surface,ground level,0,m,PR 47,GPS observation,134.0864328,-19.796928,52.4,82466,MGA94 Zone 53,3,GDA94 / MGA zone 53,404310.9986,7810731.995,GDA94
RN013457,404311,7810732,,82466,621383,310,16,m,Australian Height Datum,assumed,top of casing,ground level,785,mm,PR 47,GPS observation,134.0864328,-19.796928,52.4,82466,MGA94 Zone 53,5,GDA94 / MGA zone 53,404310.9986,7810731.995,GDA94
RN013455,412981,7812326,,82466,621384,320,16,m,Australian Height Datum,assumed,ground surface,ground level,0,m,,GPS observation,134.1692754,-19.7829286,14.9,82466,MGA94 Zone 53,3,GDA94 / MGA zone 53,412981.001,7812325.999,GDA94
RN013455,412981,7812326,,82466,621384,320,16,m,Australian Height Datum,assumed,top of casing,ground level,735,mm,,GPS observation,134.1692754,-19.7829286,14.9,82466,MGA94 Zone 53,5,GDA94 / MGA zone 53,412981.001,7812325.999,GDA94
RN013454,134.1608187,-19.873969,349.41952,4283,621385,317,16,m,Australian Height Datum,assumed,ground surface,ground level,0,m,,GPS observation,134.1608187,-19.873969,36.5,4283,GDA94,3,GDA94 / MGA zone 53,412145.1653,7802246.455,GDA94
RN013454,134.1608187,-19.873969,349.41952,4283,621385,317,16,m,Australian Height Datum,assumed,top of casing,ground level,710,mm,,GPS observation,134.1608187,-19.873969,36.5,4283,GDA94,5,GDA94 / MGA zone 53,412145.1653,7802246.455,GDA94
RN013453,413252,7801588,,82466,621386,332,16,m,Australian Height Datum,assumed,ground surface,ground level,0,m,,GPS observation,134.1713593,-19.8799682,40,82466,MGA94 Zone 53,3,GDA94 / MGA zone 53,413251.9974,7801587.999,GDA94
RN013453,413252,7801588,,82466,621386,332,16,m,Australian Height Datum,assumed,top of casing,ground level,690,mm,,GPS observation,134.1713593,-19.8799682,40,82466,MGA94 Zone 53,5,GDA94 / MGA zone 53,413251.9974,7801587.999,GDA94
RN017585,134.5014239,-21.10381211,411.67498,4326,628354,382.18,10,m,Australian Height Datum,assumed,ground surface,ground level,0,m,,GPS observation,134.5014239,-21.1038121,80.2,4326,WGS 84,3,GDA94 / MGA zone 53,448219.0034,7666282.002,GDA94
RN017585,134.5014239,-21.10381211,411.67498,4326,628354,382.18,10,m,Australian Height Datum,assumed,top of casing,ground level,0.31,m,,GPS observation,134.5014239,-21.1038121,80.2,4326,WGS 84,5,GDA94 / MGA zone 53,448219.0034,7666282.002,GDA94
RN016933,134.2039968,-20.98667705,416.97709,4326,628355,388.01,10,m,Australian Height Datum,assumed,ground surface,ground level,0,m,,GPS observation,134.2039968,-20.9866771,54.3,4326,WGS 84,3,GDA94 / MGA zone 53,417263.001,7679120.994,GDA94
RN016933,134.2039968,-20.98667705,416.97709,4326,628355,388.01,10,m,Australian Height Datum,assumed,top of casing,ground level,0.25,m,,GPS observation,134.2039968,-20.9866771,54.3,4326,WGS 84,5,GDA94 / MGA zone 53,417263.001,7679120.994,GDA94
RN018402,134.086077,-20.93661044,412.60386,4326,628356,383.86,10,m,Australian Height Datum,assumed,ground surface,ground level,0,m,,GPS observation,134.086077,-20.9366105,52,4326,WGS 84,3,GDA94 / MGA zone 53,404974.0014,7684596.993,GDA94
RN018402,134.086077,-20.93661044,412.60386,4326,628356,383.86,10,m,Australian Height Datum,assumed,top of casing protector,ground level,0.87,m,,GPS observation,134.086077,-20.9366105,52,4326,WGS 84,10,GDA94 / MGA zone 53,404974.0014,7684596.993,GDA94
RN017594,134.4682795,-21.02625189,408.36503,4326,628357,378.8,10,m,Australian Height Datum,assumed,ground surface,ground level,0,m,,GPS observation,134.4682795,-21.0262519,36.5,4326,WGS 84,3,GDA94 / MGA zone 53,444747.9949,7674854.999,GDA94
RN017594,134.4682795,-21.02625189,408.36503,4326,628357,378.8,10,m,Australian Height Datum,assumed,top of casing,ground level,0.44,m,,GPS observation,134.4682795,-21.0262519,36.5,4326,WGS 84,5,GDA94 / MGA zone 53,444747.9949,7674854.999,GDA94
RN017589,134.4679126,-21.02659408,407.53303,4326,628358,377.97,10,m,Australian Height Datum,assumed,ground surface,ground level,0,m,,GPS observation,134.4679126,-21.0265941,47,4326,WGS 84,3,GDA94 / MGA zone 53,444709.9951,7674816.998,GDA94
RN017589,134.4679126,-21.02659408,407.53303,4326,628358,377.97,10,m,Australian Height Datum,assumed,top of casing,ground level,0.59,m,,GPS observation,134.4679126,-21.0265941,47,4326,WGS 84,5,GDA94 / MGA zone 53,444709.9951,7674816.998,GDA94
RN017591,134.4854294,-20.87117535,411.93124,4326,628359,381.73,10,m,Australian Height Datum,assumed,ground surface,ground level,0,m,,GPS observation,134.4854294,-20.8711754,43,4326,WGS 84,3,GDA94 / MGA zone 53,446474.9954,7692023.994,GDA94
RN017591,134.4854294,-20.87117535,411.93124,4326,628359,381.73,10,m,Australian Height Datum,assumed,top of casing,ground level,875,mm,,GPS observation,134.4854294,-20.8711754,43,4326,WGS 84,5,GDA94 / MGA zone 53,446474.9954,7692023.994,GDA94
RN019114,133.451776,-21.44476567,468.78112,4326,628360,442.38,10,m,Australian Height Datum,assumed,ground surface,ground level,0,m,,GPS observation,133.451776,-21.4447657,72.3,4326,WGS 84,3,GDA94 / MGA zone 53,339562.0052,7627834.997,GDA94
RN019114,133.451776,-21.44476567,468.78112,4326,628360,442.38,10,m,Australian Height Datum,assumed,top of casing,ground level,0.37,m,,GPS observation,133.451776,-21.4447657,72.3,4326,WGS 84,5,GDA94 / MGA zone 53,339562.0052,7627834.997,GDA94
RN019114,133.451776,-21.44476567,468.78112,4326,628360,442.38,10,m,Australian Height Datum,assumed,top of casing protector,ground level,0.52,m,,GPS observation,133.451776,-21.4447657,72.3,4326,WGS 84,10,GDA94 / MGA zone 53,339562.0052,7627834.997,GDA94
RN019115,133.5139535,-21.58208687,485.06267,4326,628361,459.12,10,m,Australian Height Datum,assumed,ground surface,ground level,0,m,,GPS observation,133.5139535,-21.5820869,66,4326,WGS 84,3,GDA94 / MGA zone 53,346150.9974,7612694.996,GDA94
RN019115,133.5139535,-21.58208687,485.06267,4326,628361,459.12,10,m,Australian Height Datum,assumed,top of casing protector,ground level,0.37,m,,GPS observation,133.5139535,-21.5820869,66,4326,WGS 84,10,GDA94 / MGA zone 53,346150.9974,7612694.996,GDA94
RN019115,133.5139535,-21.58208687,485.06267,4326,628361,459.12,10,m,Australian Height Datum,assumed,unknown,ground level,0.43,m,,GPS observation,133.5139535,-21.5820869,66,4326,WGS 84,9,GDA94 / MGA zone 53,346150.9974,7612694.996,GDA94
RN019136,133.4448523,-21.32213569,454.91374,4326,628362,427.92,10,m,Australian Height Datum,assumed,ground surface,ground level,0,m,,GPS observation,133.4448523,-21.3221357,70.9,4326,WGS 84,3,GDA94 / MGA zone 53,338710.005,7641403.999,GDA94
RN019136,133.4448523,-21.32213569,454.91374,4326,628362,427.92,10,m,Australian Height Datum,assumed,top of casing,ground level,375,mm,,GPS observation,133.4448523,-21.3221357,70.9,4326,WGS 84,5,GDA94 / MGA zone 53,338710.005,7641403.999,GDA94
RN019136,133.4448523,-21.32213569,454.91374,4326,628362,427.92,10,m,Australian Height Datum,assumed,top of casing protector,ground level,0.46,m,,GPS observation,133.4448523,-21.3221357,70.9,4326,WGS 84,10,GDA94 / MGA zone 53,338710.005,7641403.999,GDA94
RN019136,133.4448523,-21.32213569,454.91374,4326,628362,427.92,10,m,Australian Height Datum,assumed,unknown,ground level,0.54,m,,GPS observation,133.4448523,-21.3221357,70.9,4326,WGS 84,9,GDA94 / MGA zone 53,338710.005,7641403.999,GDA94
RN018912,133.9365972,-22.74148111,653.76213,4326,628363,630.88,10,m,Australian Height Datum,assumed,ground surface,ground level,0,m,,GPS observation,133.9365972,-22.7414811,74.6,4326,WGS 84,3,GDA94 / MGA zone 53,390810.0035,7484706.002,GDA94
RN018912,133.9365972,-22.74148111,653.76213,4326,628363,630.88,10,m,Australian Height Datum,assumed,top of casing protector,ground level,0.9,m,,GPS observation,133.9365972,-22.7414811,74.6,4326,WGS 84,10,GDA94 / MGA zone 53,390810.0035,7484706.002,GDA94
RN018612,133.7281347,-22.5652556,608.69112,4326,628364,586,10,m,Australian Height Datum,assumed,ground surface,ground level,0,m,,GPS observation,133.7281347,-22.5652556,83.2,4326,WGS 84,3,GDA94 / MGA zone 53,369235.9956,7504048,GDA94
RN018612,133.7281347,-22.5652556,608.69112,4326,628364,586,10,m,Australian Height Datum,assumed,top of casing protector,ground level,0.79,m,,GPS observation,133.7281347,-22.5652556,83.2,4326,WGS 84,10,GDA94 / MGA zone 53,369235.9956,7504048,GDA94
RN018921,362053,7506941,,82466,628365,576.36,6,m,Australian Height Datum,assumed,ground surface,ground level,0,m,,GPS differential observation,133.6585369,-22.5385597,160.03,82466,MGA94 Zone 53,3,GDA94 / MGA zone 53,362053.0031,7506940.998,GDA94
RN018921,362053,7506941,,82466,628365,576.36,6,m,Australian Height Datum,assumed,top of casing,ground level,0.59,m,,GPS differential observation,133.6585369,-22.5385597,160.03,82466,MGA94 Zone 53,5,GDA94 / MGA zone 53,362053.0031,7506940.998,GDA94
RN018921,362053,7506941,,82466,628365,576.36,6,m,Australian Height Datum,assumed,unknown,ground level,545,mm,,GPS differential observation,133.6585369,-22.5385597,160.03,82466,MGA94 Zone 53,9,GDA94 / MGA zone 53,362053.0031,7506940.998,GDA94
RN017350,133.5219132,-22.4358563,605.22226,4326,628366,583,10,m,Australian Height Datum,assumed,ground surface,ground level,0,m,,GPS observation,133.5219132,-22.4358563,96,4326,WGS 84,3,GDA94 / MGA zone 53,347889.2072,7518179.649,GDA94
RN017350,133.5219132,-22.4358563,605.22226,4326,628366,583,10,m,Australian Height Datum,assumed,top of casing,ground level,775,mm,,GPS observation,133.5219132,-22.4358563,96,4326,WGS 84,5,GDA94 / MGA zone 53,347889.2072,7518179.649,GDA94
RN018133,133.6372573,-22.5153127,598.10947,4326,628367,575.64,10,m,Australian Height Datum,assumed,ground surface,ground level,0,m,,GPS observation,133.6372573,-22.5153127,72.5,4326,WGS 84,3,GDA94 / MGA zone 53,359841.0043,7509495,GDA94
RN018133,133.6372573,-22.5153127,598.10947,4326,628367,575.64,10,m,Australian Height Datum,assumed,top of casing protector,ground level,575,mm,,GPS observation,133.6372573,-22.5153127,72.5,4326,WGS 84,10,GDA94 / MGA zone 53,359841.0043,7509495,GDA94
RN018925,133.768926,-21.89155351,512.2537,4326,628368,486.93,10,m,Australian Height Datum,assumed,ground surface,ground level,0,m,,GPS observation,133.768926,-21.8915535,88.5,4326,WGS 84,3,GDA94 / MGA zone 53,372824.0004,7578667.001,GDA94
RN018925,133.768926,-21.89155351,512.2537,4326,628368,486.93,10,m,Australian Height Datum,assumed,top of casing,ground level,0.53,m,,GPS observation,133.768926,-21.8915535,88.5,4326,WGS 84,5,GDA94 / MGA zone 53,372824.0004,7578667.001,GDA94
RN018925,133.768926,-21.89155351,512.2537,4326,628368,486.93,10,m,Australian Height Datum,assumed,top of casing protector,ground level,0.58,m,,GPS observation,133.768926,-21.8915535,88.5,4326,WGS 84,10,GDA94 / MGA zone 53,372824.0004,7578667.001,GDA94
RN018925,133.768926,-21.89155351,512.2537,4326,628368,486.93,10,m,Australian Height Datum,assumed,unknown,ground level,0.53,m,,GPS observation,133.768926,-21.8915535,88.5,4326,WGS 84,9,GDA94 / MGA zone 53,372824.0004,7578667.001,GDA94
RN018603,133.3373239,-22.30963165,615.31224,4326,628369,593.4,10,m,Australian Height Datum,assumed,ground surface,ground level,0,m,,GPS observation,133.3373239,-22.3096317,61,4326,WGS 84,3,GDA94 / MGA zone 53,328734.9996,7531956.994,GDA94
RN018603,133.3373239,-22.30963165,615.31224,4326,628369,593.4,10,m,Australian Height Datum,assumed,top of casing protector,ground level,0.66,m,,GPS observation,133.3373239,-22.3096317,61,4326,WGS 84,10,GDA94 / MGA zone 53,328734.9996,7531956.994,GDA94
RN018892,133.5169736,-22.282896,595.99377,4326,628370,573.13,10,m,Australian Height Datum,assumed,top of casing protector,ground level,0.93,m,,GPS observation,133.5169736,-22.282896,75.68,4326,WGS 84,10,GDA94 / MGA zone 53,347213.9967,7535110,GDA94
RN018892,133.5169736,-22.282896,595.99377,4326,628370,573.13,10,m,Australian Height Datum,assumed,ground surface,ground level,0,m,,GPS observation,133.5169736,-22.282896,75.68,4326,WGS 84,3,GDA94 / MGA zone 53,347213.9967,7535110,GDA94
RN017393,134.1435752,-23.83400802,504.84132,4326,628371,490,10,m,Australian Height Datum,assumed,ground surface,ground level,0,m,,GPS observation,134.1435752,-23.834008,68,4326,WGS 84,3,GDA94 / MGA zone 53,412778.5461,7363887.462,GDA94
RN017393,134.1435752,-23.83400802,504.84132,4326,628371,490,10,m,Australian Height Datum,assumed,top of casing,ground level,765,mm,,GPS observation,134.1435752,-23.834008,68,4326,WGS 84,5,GDA94 / MGA zone 53,412778.5461,7363887.462,GDA94
RN006504,134.2272543,-23.8279738,507.19691,4326,628372,492,10,m,Australian Height Datum,assumed,ground surface,ground level,0,m,,GPS observation,134.2272543,-23.8279738,189.4,4326,WGS 84,3,GDA94 / MGA zone 53,421297.4621,7364604.524,GDA94
RN006504,134.2272543,-23.8279738,507.19691,4326,628372,492,10,m,Australian Height Datum,assumed,top of casing,ground level,715,mm,,GPS observation,134.2272543,-23.8279738,189.4,4326,WGS 84,5,GDA94 / MGA zone 53,421297.4621,7364604.524,GDA94
RN039612,732499,8605538,,82465,628374,47,10,m,Australian Height Datum,assumed,ground surface,ground level,0,m,,"State or NT agency supplied location, method unknown",131.1402228,-12.6055352,84.8,82465,MGA94 Zone 52,3,GDA94 / MGA zone 52,732499.0045,8605538.005,GDA94
RN039612,732499,8605538,,82465,628374,47,10,m,Australian Height Datum,assumed,top of casing,ground level,1075,mm,,"State or NT agency supplied location, method unknown",131.1402228,-12.6055352,84.8,82465,MGA94 Zone 52,5,GDA94 / MGA zone 52,732499.0045,8605538.005,GDA94
RN039612,732499,8605538,,82465,628374,47,10,m,Australian Height Datum,assumed,top of casing protector,ground level,1.34,m,,"State or NT agency supplied location, method unknown",131.1402228,-12.6055352,84.8,82465,MGA94 Zone 52,10,GDA94 / MGA zone 52,732499.0045,8605538.005,GDA94
RN039611,729358,8604716,,82465,628375,37.9,10,m,Australian Height Datum,assumed,ground surface,ground level,0,m,,"State or NT agency supplied location, method unknown",131.1113837,-12.6131934,78.8,82465,MGA94 Zone 52,3,GDA94 / MGA zone 52,729358.0031,8604716.004,GDA94
RN039611,729358,8604716,,82465,628375,37.9,10,m,Australian Height Datum,assumed,top of casing,ground level,1.49,m,,"State or NT agency supplied location, method unknown",131.1113837,-12.6131934,78.8,82465,MGA94 Zone 52,5,GDA94 / MGA zone 52,729358.0031,8604716.004,GDA94
RN039611,729358,8604716,,82465,628375,37.9,10,m,Australian Height Datum,assumed,unknown,ground level,1195,mm,,"State or NT agency supplied location, method unknown",131.1113837,-12.6131934,78.8,82465,MGA94 Zone 52,9,GDA94 / MGA zone 52,729358.0031,8604716.004,GDA94
RN038196,728814,8614537,,82465,628376,28.9,10,m,Australian Height Datum,assumed,ground surface,ground level,0,m,,"State or NT agency supplied location, method unknown",131.1056552,-12.5244819,24.5,82465,MGA94 Zone 52,3,GDA94 / MGA zone 52,728814.0032,8614537.001,GDA94
RN038196,728814,8614537,,82465,628376,28.9,10,m,Australian Height Datum,assumed,top of casing,ground level,0.47,m,,"State or NT agency supplied location, method unknown",131.1056552,-12.5244819,24.5,82465,MGA94 Zone 52,5,GDA94 / MGA zone 52,728814.0032,8614537.001,GDA94
RN038196,728814,8614537,,82465,628376,28.9,10,m,Australian Height Datum,assumed,top of casing protector,ground level,0.52,m,,"State or NT agency supplied location, method unknown",131.1056552,-12.5244819,24.5,82465,MGA94 Zone 52,10,GDA94 / MGA zone 52,728814.0032,8614537.001,GDA94
RN038195,726447,8615695,,82465,628377,31.4,10,m,Australian Height Datum,assumed,ground surface,ground level,0,m,,"State or NT agency supplied location, method unknown",131.0837991,-12.5141867,63.5,82465,MGA94 Zone 52,3,GDA94 / MGA zone 52,726447.0035,8615695,GDA94
RN038195,726447,8615695,,82465,628377,31.4,10,m,Australian Height Datum,assumed,top of casing protector,ground level,605,mm,,"State or NT agency supplied location, method unknown",131.0837991,-12.5141867,63.5,82465,MGA94 Zone 52,10,GDA94 / MGA zone 52,726447.0035,8615695,GDA94
RN036531,723446,8622060,,82465,628378,15.4,10,m,Australian Height Datum,assumed,ground surface,ground level,0,m,,"State or NT agency supplied location, method unknown",131.0557417,-12.4568773,114.8,82465,MGA94 Zone 52,3,GDA94 / MGA zone 52,723446.0051,8622059.995,GDA94
RN036531,723446,8622060,,82465,628378,15.4,10,m,Australian Height Datum,assumed,top of casing,ground level,0.46,m,,"State or NT agency supplied location, method unknown",131.0557417,-12.4568773,114.8,82465,MGA94 Zone 52,5,GDA94 / MGA zone 52,723446.0051,8622059.995,GDA94
RN035865,722977,8623637,,82465,628379,14.9,10,m,Australian Height Datum,assumed,ground surface,ground level,0,m,,"State or NT agency supplied location, method unknown",131.0513167,-12.4426583,70.4,82465,MGA94 Zone 52,3,GDA94 / MGA zone 52,722976.9964,8623636.998,GDA94
RN035865,722977,8623637,,82465,628379,14.9,10,m,Australian Height Datum,assumed,top of casing,ground level,1,m,,"State or NT agency supplied location, method unknown",131.0513167,-12.4426583,70.4,82465,MGA94 Zone 52,5,GDA94 / MGA zone 52,722976.9964,8623636.998,GDA94
RN035865,722977,8623637,,82465,628379,14.9,10,m,Australian Height Datum,assumed,top of casing protector,ground level,1.13,m,,"State or NT agency supplied location, method unknown",131.0513167,-12.4426583,70.4,82465,MGA94 Zone 52,10,GDA94 / MGA zone 52,722976.9964,8623636.998,GDA94
RN035865,722977,8623637,,82465,628379,14.9,10,m,Australian Height Datum,assumed,unknown,ground level,705,mm,,"State or NT agency supplied location, method unknown",131.0513167,-12.4426583,70.4,82465,MGA94 Zone 52,9,GDA94 / MGA zone 52,722976.9964,8623636.998,GDA94
RN035864,722518,8623580,,82465,628380,23.9,10,m,Australian Height Datum,assumed,ground surface,ground level,0,m,,"State or NT agency supplied location, method unknown",131.0471,-12.4432054,66.38,82465,MGA94 Zone 52,3,GDA94 / MGA zone 52,722517.9989,8623579.998,GDA94
RN035864,722518,8623580,,82465,628380,23.9,10,m,Australian Height Datum,assumed,top of casing,ground level,505,mm,,"State or NT agency supplied location, method unknown",131.0471,-12.4432054,66.38,82465,MGA94 Zone 52,5,GDA94 / MGA zone 52,722517.9989,8623579.998,GDA94
RN035864,722518,8623580,,82465,628380,23.9,10,m,Australian Height Datum,assumed,top of casing protector,ground level,0.6,m,,"State or NT agency supplied location, method unknown",131.0471,-12.4432054,66.38,82465,MGA94 Zone 52,10,GDA94 / MGA zone 52,722517.9989,8623579.998,GDA94
RN033039,178471,8367443,,82466,628381,101.9,10,m,Australian Height Datum,assumed,ground surface,ground level,0,m,,"State or NT agency supplied location, method unknown",132.0138992,-14.7477172,91.2,82466,MGA94 Zone 53,3,GDA94 / MGA zone 53,178471.0046,8367443.002,GDA94
RN033039,178471,8367443,,82466,628381,101.9,10,m,Australian Height Datum,assumed,top of casing,ground level,465,mm,,"State or NT agency supplied location, method unknown",132.0138992,-14.7477172,91.2,82466,MGA94 Zone 53,5,GDA94 / MGA zone 53,178471.0046,8367443.002,GDA94
RN033039,178471,8367443,,82466,628381,101.9,10,m,Australian Height Datum,assumed,top of casing protector,ground level,0.46,m,,"State or NT agency supplied location, method unknown",132.0138992,-14.7477172,91.2,82466,MGA94 Zone 53,10,GDA94 / MGA zone 53,178471.0046,8367443.002,GDA94
RN033035,761261,8442950,,82465,628382,85,10,m,Australian Height Datum,assumed,ground surface,ground level,0,m,,"State or NT agency supplied location, method unknown",131.4194086,-14.0721722,115.9,82465,MGA94 Zone 52,3,GDA94 / MGA zone 52,761261.0031,8442949.996,GDA94
RN033035,761261,8442950,,82465,628382,85,10,m,Australian Height Datum,assumed,top of casing,ground level,0.39,m,,"State or NT agency supplied location, method unknown",131.4194086,-14.0721722,115.9,82465,MGA94 Zone 52,5,GDA94 / MGA zone 52,761261.0031,8442949.996,GDA94
RN033035,761261,8442950,,82465,628382,85,10,m,Australian Height Datum,assumed,top of casing protector,ground level,0.39,m,,"State or NT agency supplied location, method unknown",131.4194086,-14.0721722,115.9,82465,MGA94 Zone 52,10,GDA94 / MGA zone 52,761261.0031,8442949.996,GDA94
RN025288,756986,8449800,,82465,628383,118,10,m,Australian Height Datum,assumed,ground surface,ground level,0,m,,"State or NT agency supplied location, method unknown",131.3792053,-14.0106819,117.48,82465,MGA94 Zone 52,3,GDA94 / MGA zone 52,756986.0033,8449800.005,GDA94
RN025288,756986,8449800,,82465,628383,118,10,m,Australian Height Datum,assumed,top of casing protector,ground level,0.73,m,,"State or NT agency supplied location, method unknown",131.3792053,-14.0106819,117.48,82465,MGA94 Zone 52,10,GDA94 / MGA zone 52,756986.0033,8449800.005,GDA94
RN019454,134.165921,-20.725158,378.74657,4326,636116,349.156,0.05,m,Australian Height Datum,known,ground surface,ground level,0,m,SSC18-16,GPS observation,134.165921,-20.725158,99.2,4326,WGS 84,3,GDA94 / MGA zone 53,413155.1537,7708045.682,GDA94
RN019454,134.165921,-20.725158,378.74657,4326,636116,349.156,0.05,m,Australian Height Datum,known,top of casing,ground level,875,mm,SSC18-16,GPS observation,134.165921,-20.725158,99.2,4326,WGS 84,5,GDA94 / MGA zone 53,413155.1537,7708045.682,GDA94
RN019454,134.165921,-20.725158,378.74657,4326,636116,349.156,0.05,m,Australian Height Datum,known,top of casing protector,ground level,1105,mm,SSC18-16,GPS observation,134.165921,-20.725158,99.2,4326,WGS 84,10,GDA94 / MGA zone 53,413155.1537,7708045.682,GDA94
RN019453,134.086974,-20.826932,392.48829,4326,636117,363.468,0.05,m,Australian Height Datum,known,ground surface,ground level,0,m,SSC18-39,GPS observation,134.086974,-20.826932,57,4326,WGS 84,3,GDA94 / MGA zone 53,404998.316,7696736.934,GDA94
RN019453,134.086974,-20.826932,392.48829,4326,636117,363.468,0.05,m,Australian Height Datum,known,top of casing,ground level,0.81,m,SSC18-39,GPS observation,134.086974,-20.826932,57,4326,WGS 84,5,GDA94 / MGA zone 53,404998.316,7696736.934,GDA94
RN019453,134.086974,-20.826932,392.48829,4326,636117,363.468,0.05,m,Australian Height Datum,known,top of casing protector,ground level,935,mm,SSC18-39,GPS observation,134.086974,-20.826932,57,4326,WGS 84,10,GDA94 / MGA zone 53,404998.316,7696736.934,GDA94
RN019450,134.11146,-21.06237,431.92023,4326,636118,403.32,0.05,m,Australian Height Datum,known,ground surface,ground level,0,m,SSC18-38,GPS observation,134.11146,-21.06237,156,4326,WGS 84,3,GDA94 / MGA zone 53,407690.7457,7670692.429,GDA94
RN019450,134.11146,-21.06237,431.92023,4326,636118,403.32,0.05,m,Australian Height Datum,known,top of casing,ground level,0.94,m,SSC18-38,GPS observation,134.11146,-21.06237,156,4326,WGS 84,5,GDA94 / MGA zone 53,407690.7457,7670692.429,GDA94
RN019450,134.11146,-21.06237,431.92023,4326,636118,403.32,0.05,m,Australian Height Datum,known,top of casing protector,ground level,1.05,m,SSC18-38,GPS observation,134.11146,-21.06237,156,4326,WGS 84,10,GDA94 / MGA zone 53,407690.7457,7670692.429,GDA94
RN019452,133.987768,-20.880439,406.0202,4326,636119,377.428,0.05,m,Australian Height Datum,known,ground surface,ground level,0,m,SSC18-17a,GPS observation,133.987768,-20.880439,290,4326,WGS 84,3,GDA94 / MGA zone 53,394712.269,7690752.902,GDA94
RN019452,133.987768,-20.880439,406.0202,4326,636119,377.428,0.05,m,Australian Height Datum,known,top of casing,ground level,0.72,m,SSC18-17a,GPS observation,133.987768,-20.880439,290,4326,WGS 84,5,GDA94 / MGA zone 53,394712.269,7690752.902,GDA94
RN019452,133.987768,-20.880439,406.0202,4326,636119,377.428,0.05,m,Australian Height Datum,known,top of casing protector,ground level,0.8,m,SSC18-17a,GPS observation,133.987768,-20.880439,290,4326,WGS 84,10,GDA94 / MGA zone 53,394712.269,7690752.902,GDA94
RN019676,134.1415905,-23.861789,523.63822,4326,636120,509,10,m,Australian Height Datum,assumed,ground surface,ground level,0,m,SSC18-41,GPS observation,134.1415905,-23.861789,170.7,4326,WGS 84,3,GDA94 / MGA zone 53,412595.0401,7360810.323,GDA94
RN019676,134.1415905,-23.861789,523.63822,4326,636120,509,10,m,Australian Height Datum,assumed,top of casing,ground level,605,mm,SSC18-41,GPS observation,134.1415905,-23.861789,170.7,4326,WGS 84,5,GDA94 / MGA zone 53,412595.0401,7360810.323,GDA94
RN019676,134.1415905,-23.861789,523.63822,4326,636120,509,10,m,Australian Height Datum,assumed,top of casing protector,ground level,0.72,m,SSC18-41,GPS observation,134.1415905,-23.861789,170.7,4326,WGS 84,10,GDA94 / MGA zone 53,412595.0401,7360810.323,GDA94
RN019451,134.0938296,-20.969927,414.66225,4326,636122,385.96,0.05,m,Australian Height Datum,known,ground surface,ground level,0,m,SSC18-35,GPS observation,134.0938296,-20.969927,88,4326,WGS 84,3,GDA94 / MGA zone 53,405800.9936,7680914.015,GDA94
RN019451,134.0938296,-20.969927,414.66225,4326,636122,385.96,0.05,m,Australian Height Datum,known,top of casing,ground level,875,mm,SSC18-35,GPS observation,134.0938296,-20.969927,88,4326,WGS 84,5,GDA94 / MGA zone 53,405800.9936,7680914.015,GDA94
RN019451,134.0938296,-20.969927,414.66225,4326,636122,385.96,0.05,m,Australian Height Datum,known,top of casing protector,ground level,0.94,m,SSC18-35,GPS observation,134.0938296,-20.969927,88,4326,WGS 84,10,GDA94 / MGA zone 53,405800.9936,7680914.015,GDA94
RN019449,133.917145,-22.621093,623.03371,4326,636124,599.77606,10,m,Australian Height Datum,assumed,ground surface,ground level,0,m,SSC18-03,GPS observation,133.917145,-22.621093,297,4326,WGS 84,3,GDA94 / MGA zone 53,388715.3463,7498019.616,GDA94
RN019449,133.917145,-22.621093,623.03371,4326,636124,599.77606,10,m,Australian Height Datum,assumed,top of casing,ground level,695,mm,SSC18-03,GPS observation,133.917145,-22.621093,297,4326,WGS 84,5,GDA94 / MGA zone 53,388715.3463,7498019.616,GDA94
RN019449,133.917145,-22.621093,623.03371,4326,636124,599.77606,10,m,Australian Height Datum,assumed,top of casing protector,ground level,0.82,m,SSC18-03,GPS observation,133.917145,-22.621093,297,4326,WGS 84,10,GDA94 / MGA zone 53,388715.3463,7498019.616,GDA94
RN037412,132.2790684,-14.43394803,159.73188,4326,636252,113.2,10,m,Australian Height Datum,known,ground surface,ground level,0,m,,GPS observation,132.2790684,-14.433948,84.5,4326,WGS 84,3,GDA94 / MGA zone 53,206626.997,8402543.003,GDA94
RN037412,132.2790684,-14.43394803,159.73188,4326,636252,113.2,10,m,Australian Height Datum,known,top of casing protector,ground level,0.64,m,,GPS observation,132.2790684,-14.433948,84.5,4326,WGS 84,10,GDA94 / MGA zone 53,206626.997,8402543.003,GDA94
RN037769,131.9360889,-14.64345334,155.71897,4326,636253,111.1,10,m,Australian Height Datum,known,ground surface,ground level,0,m,,GPS observation,131.9360889,-14.6434533,147.4,4326,WGS 84,3,GDA94 / MGA zone 52,816290.0035,8379059.005,GDA94
RN037769,131.9360889,-14.64345334,155.71897,4326,636253,111.1,10,m,Australian Height Datum,known,top of casing protector,ground level,0.3,m,,GPS observation,131.9360889,-14.6434533,147.4,4326,WGS 84,10,GDA94 / MGA zone 52,816290.0035,8379059.005,GDA94
RN037413,132.2644707,-14.4559179,152.37836,4326,636254,106,10,m,Australian Height Datum,known,ground surface,ground level,0,m,,GPS observation,132.2644707,-14.4559179,64.34,4326,WGS 84,3,GDA94 / MGA zone 53,205080.9996,8400092,GDA94
RN037413,132.2644707,-14.4559179,152.37836,4326,636254,106,10,m,Australian Height Datum,known,top of casing protector,ground level,0.57,m,,GPS observation,132.2644707,-14.4559179,64.34,4326,WGS 84,10,GDA94 / MGA zone 53,205080.9996,8400092,GDA94
RN025285,131.2747918,-14.08897578,96.57276,4326,636255,51,10,m,Australian Height Datum,known,ground surface,ground level,0,m,,GPS observation,131.2747918,-14.0889758,41.1,4326,WGS 84,3,GDA94 / MGA zone 52,745618.9969,8441245.997,GDA94
RN025285,131.2747918,-14.08897578,96.57276,4326,636255,51,10,m,Australian Height Datum,known,top of casing,ground level,2.52,m,,GPS observation,131.2747918,-14.0889758,41.1,4326,WGS 84,5,GDA94 / MGA zone 52,745618.9969,8441245.997,GDA94
RN025285,131.2747918,-14.08897578,96.57276,4326,636255,51,10,m,Australian Height Datum,known,unknown,ground level,2225,mm,,GPS observation,131.2747918,-14.0889758,41.1,4326,WGS 84,9,GDA94 / MGA zone 52,745618.9969,8441245.997,GDA94
RN034364,131.2504308,-14.06953365,92.49451,4326,636256,46.9,10,m,Australian Height Datum,known,ground surface,ground level,0,m,,GPS observation,131.2504308,-14.0695337,38.2,4326,WGS 84,3,GDA94 / MGA zone 52,743007.9979,8443422.995,GDA94
RN034364,131.2504308,-14.06953365,92.49451,4326,636256,46.9,10,m,Australian Height Datum,known,top of casing,ground level,1.6,m,,GPS observation,131.2504308,-14.0695337,38.2,4326,WGS 84,5,GDA94 / MGA zone 52,743007.9979,8443422.995,GDA94
RN034364,131.2504308,-14.06953365,92.49451,4326,636256,46.9,10,m,Australian Height Datum,known,unknown,ground level,1305,mm,,GPS observation,131.2504308,-14.0695337,38.2,4326,WGS 84,9,GDA94 / MGA zone 52,743007.9979,8443422.995,GDA94
RN033308,131.6338375,-14.26241044,148.76491,4326,636257,103,10,m,Australian Height Datum,known,ground surface,ground level,0,m,,GPS observation,131.6338375,-14.2624104,117.24,4326,WGS 84,3,GDA94 / MGA zone 52,784192.9959,8421642.005,GDA94
RN033308,131.6338375,-14.26241044,148.76491,4326,636257,103,10,m,Australian Height Datum,known,top of casing protector,ground level,0.5,m,,GPS observation,131.6338375,-14.2624104,117.24,4326,WGS 84,10,GDA94 / MGA zone 52,784192.9959,8421642.005,GDA94
RN024402,131.1628118,-12.40993345,72.61057,4326,636258,20.6,10,m,Australian Height Datum,known,ground surface,ground level,0,m,,GPS observation,131.1628118,-12.4099335,61.9,4326,WGS 84,3,GDA94 / MGA zone 52,735131.0038,8627161.995,GDA94
RN024402,131.1628118,-12.40993345,72.61057,4326,636258,20.6,10,m,Australian Height Datum,known,top of casing protector,ground level,0.74,m,,GPS observation,131.1628118,-12.4099335,61.9,4326,WGS 84,10,GDA94 / MGA zone 52,735131.0038,8627161.995,GDA94
RN022060,131.1112854,-12.44859534,72.02772,4326,636259,20.2,10,m,Australian Height Datum,known,ground surface,ground level,0,m,,GPS observation,131.1112854,-12.4485953,74.83,4326,WGS 84,3,GDA94 / MGA zone 52,729492.9989,8622929.004,GDA94
RN022060,131.1112854,-12.44859534,72.02772,4326,636259,20.2,10,m,Australian Height Datum,known,top of casing protector,ground level,0.46,m,,GPS observation,131.1112854,-12.4485953,74.83,4326,WGS 84,10,GDA94 / MGA zone 52,729492.9989,8622929.004,GDA94
RN022063,131.1080194,-12.45182914,74.81226,4326,636260,23,10,m,Australian Height Datum,known,ground surface,ground level,0,m,,GPS observation,131.1080194,-12.4518291,24,4326,WGS 84,3,GDA94 / MGA zone 52,729135.0045,8622574.004,GDA94
RN022063,131.1080194,-12.45182914,74.81226,4326,636260,23,10,m,Australian Height Datum,known,top of casing protector,ground level,0.38,m,,GPS observation,131.1080194,-12.4518291,24,4326,WGS 84,10,GDA94 / MGA zone 52,729135.0045,8622574.004,GDA94
RN021762,131.1080736,-12.45284995,74.80989,4326,636261,23,10,m,Australian Height Datum,known,ground surface,ground level,0,m,,GPS observation,131.1080736,-12.45285,72.36,4326,WGS 84,3,GDA94 / MGA zone 52,729140.0017,8622460.995,GDA94
RN021762,131.1080736,-12.45284995,74.80989,4326,636261,23,10,m,Australian Height Datum,known,top of casing protector,ground level,0.69,m,,GPS observation,131.1080736,-12.45285,72.36,4326,WGS 84,10,GDA94 / MGA zone 52,729140.0017,8622460.995,GDA94
RN021769,131.1115706,-12.44861119,71.42834,4326,636262,19.6,10,m,Australian Height Datum,known,ground surface,ground level,0,m,,GPS observation,131.1115706,-12.4486112,85.4,4326,WGS 84,3,GDA94 / MGA zone 52,729523.9985,8622926.998,GDA94
RN021769,131.1115706,-12.44861119,71.42834,4326,636262,19.6,10,m,Australian Height Datum,known,top of casing,ground level,0.93,m,,GPS observation,131.1115706,-12.4486112,85.4,4326,WGS 84,5,GDA94 / MGA zone 52,729523.9985,8622926.998,GDA94
RN021769,131.1115706,-12.44861119,71.42834,4326,636262,19.6,10,m,Australian Height Datum,known,top of casing protector,ground level,0.93,m,,GPS observation,131.1115706,-12.4486112,85.4,4326,WGS 84,10,GDA94 / MGA zone 52,729523.9985,8622926.998,GDA94
RN025423,131.1627733,-12.40861432,76.31316,4326,636264,24.3,10,m,Australian Height Datum,known,ground surface,ground level,0,m,,GPS observation,131.1627733,-12.4086143,60.42,4326,WGS 84,3,GDA94 / MGA zone 52,735128.0011,8627308.003,GDA94
RN025423,131.1627733,-12.40861432,76.31316,4326,636264,24.3,10,m,Australian Height Datum,known,top of casing protector,ground level,475,mm,,GPS observation,131.1627733,-12.4086143,60.42,4326,WGS 84,10,GDA94 / MGA zone 52,735128.0011,8627308.003,GDA94
RN034679,131.1448236,-12.36670616,75.96653,4326,636266,23.9,10,m,Australian Height Datum,known,ground surface,ground level,0,m,,GPS observation,131.1448236,-12.3667062,45.73,4326,WGS 84,3,GDA94 / MGA zone 52,733213.0026,8631960.995,GDA94
RN034679,131.1448236,-12.36670616,75.96653,4326,636266,23.9,10,m,Australian Height Datum,known,top of casing protector,ground level,0.32,m,,GPS observation,131.1448236,-12.3667062,45.73,4326,WGS 84,10,GDA94 / MGA zone 52,733213.0026,8631960.995,GDA94
RN022065,131.107896,-12.442466,68.53449,4283,636267,16.7,10,m,Australian Height Datum,known,ground surface,ground level,0,m,,GPS observation,131.107896,-12.442466,60.65,4283,GDA94,3,GDA94 / MGA zone 52,729129.8049,8623610.138,GDA94
RN022065,131.107896,-12.442466,68.53449,4283,636267,16.7,10,m,Australian Height Datum,known,top of casing protector,ground level,0.61,m,,GPS observation,131.107896,-12.442466,60.65,4283,GDA94,10,GDA94 / MGA zone 52,729129.8049,8623610.138,GDA94
RN021768,131.124955,-12.448207,75.65902,4283,636268,23.8,10,m,Australian Height Datum,known,ground surface,ground level,0,m,,GPS observation,131.124955,-12.448207,80.89,4283,GDA94,3,GDA94 / MGA zone 52,730979.8244,8622960.119,GDA94
RN021768,131.124955,-12.448207,75.65902,4283,636268,23.8,10,m,Australian Height Datum,known,top of casing protector,ground level,0.64,m,,GPS observation,131.124955,-12.448207,80.89,4283,GDA94,10,GDA94 / MGA zone 52,730979.8244,8622960.119,GDA94
RN035866,131.0921648,-12.42765929,67.33049,4326,636269,15.5,10,m,Australian Height Datum,known,ground surface,ground level,0,m,,GPS observation,131.0921648,-12.4276593,21.3,4326,WGS 84,3,GDA94 / MGA zone 52,727432.0032,8625261.999,GDA94
RN035866,131.0921648,-12.42765929,67.33049,4326,636269,15.5,10,m,Australian Height Datum,known,top of casing protector,ground level,0.4,m,,GPS observation,131.0921648,-12.4276593,21.3,4326,WGS 84,10,GDA94 / MGA zone 52,727432.0032,8625261.999,GDA94
RN025420,131.1029145,-12.41054927,58.79129,4326,636270,6.9,10,m,Australian Height Datum,known,ground surface,ground level,0,m,,GPS observation,131.1029145,-12.4105493,35.4,4326,WGS 84,3,GDA94 / MGA zone 52,728615.9948,8627145.997,GDA94
RN025420,131.1029145,-12.41054927,58.79129,4326,636270,6.9,10,m,Australian Height Datum,known,top of casing protector,ground level,555,mm,,GPS observation,131.1029145,-12.4105493,35.4,4326,WGS 84,10,GDA94 / MGA zone 52,728615.9948,8627145.997,GDA94
RN021396,131.1627628,-12.43182201,81.06517,4326,636271,29.1,10,m,Australian Height Datum,known,ground surface,ground level,0,m,,GPS observation,131.1627628,-12.431822,42.1,4326,WGS 84,3,GDA94 / MGA zone 52,735106.0001,8624740.001,GDA94
RN021396,131.1627628,-12.43182201,81.06517,4326,636271,29.1,10,m,Australian Height Datum,known,top of casing protector,ground level,1.03,m,,GPS observation,131.1627628,-12.431822,42.1,4326,WGS 84,10,GDA94 / MGA zone 52,735106.0001,8624740.001,GDA94
RN021396,131.1627628,-12.43182201,81.06517,4326,636271,29.1,10,m,Australian Height Datum,known,unknown,ground level,735,mm,,GPS observation,131.1627628,-12.431822,42.1,4326,WGS 84,9,GDA94 / MGA zone 52,735106.0001,8624740.001,GDA94
RN031977,131.2114842,-12.41735777,63.75725,4326,636272,11.7,10,m,Australian Height Datum,known,ground surface,ground level,0,m,,GPS observation,131.2114842,-12.4173578,23.59,4326,WGS 84,3,GDA94 / MGA zone 52,740418,8626296.997,GDA94
RN031977,131.2114842,-12.41735777,63.75725,4326,636272,11.7,10,m,Australian Height Datum,known,top of casing protector,ground level,255,mm,,GPS observation,131.2114842,-12.4173578,23.59,4326,WGS 84,10,GDA94 / MGA zone 52,740418,8626296.997,GDA94
RN029425,131.1649191,-12.5010477,86.41233,4326,636274,34.6,10,m,Australian Height Datum,known,ground surface,ground level,0,m,,GPS observation,131.1649191,-12.5010477,34.9,4326,WGS 84,3,GDA94 / MGA zone 52,735277.9952,8617078,GDA94
RN029425,131.1649191,-12.5010477,86.41233,4326,636274,34.6,10,m,Australian Height Datum,known,top of casing protector,ground level,1.28,m,,GPS observation,131.1649191,-12.5010477,34.9,4326,WGS 84,10,GDA94 / MGA zone 52,735277.9952,8617078,GDA94
RN029425,131.1649191,-12.5010477,86.41233,4326,636274,34.6,10,m,Australian Height Datum,known,unknown,ground level,985,mm,,GPS observation,131.1649191,-12.5010477,34.9,4326,WGS 84,9,GDA94 / MGA zone 52,735277.9952,8617078,GDA94
RN021012,131.1228405,-12.49887034,84.13115,4326,636276,32.4,10,m,Australian Height Datum,known,ground surface,ground level,0,m,,GPS observation,131.1228405,-12.4988703,64.5,4326,WGS 84,3,GDA94 / MGA zone 52,730705.0023,8617356.004,GDA94
RN021012,131.1228405,-12.49887034,84.13115,4326,636276,32.4,10,m,Australian Height Datum,known,top of casing protector,ground level,0.79,m,,GPS observation,131.1228405,-12.4988703,64.5,4326,WGS 84,10,GDA94 / MGA zone 52,730705.0023,8617356.004,GDA94
RN037048,132.1872295,-14.52204168,145.93496,4326,636282,100.1,10,m,Australian Height Datum,known,ground surface,ground level,0,m,,GPS observation,132.1872295,-14.5220417,40,4326,WGS 84,3,GDA94 / MGA zone 53,196837.7575,8392670.166,GDA94
RN037048,132.1872295,-14.52204168,145.93496,4326,636282,100.1,10,m,Australian Height Datum,known,top of casing protector,ground level,0.45,m,,GPS observation,132.1872295,-14.5220417,40,4326,WGS 84,10,GDA94 / MGA zone 53,196837.7575,8392670.166,GDA94
RN037411,132.2475746,-14.47458067,152.23522,4326,636283,106,10,m,Australian Height Datum,known,ground surface,ground level,0,m,,GPS observation,132.2475746,-14.4745807,54.85,4326,WGS 84,3,GDA94 / MGA zone 53,203283.0027,8398003.997,GDA94
RN037411,132.2475746,-14.47458067,152.23522,4326,636283,106,10,m,Australian Height Datum,known,top of casing protector,ground level,0.68,m,,GPS observation,132.2475746,-14.4745807,54.85,4326,WGS 84,10,GDA94 / MGA zone 53,203283.0027,8398003.997,GDA94
RN022394,132.2957755,-14.50393655,157.29246,4326,636284,111.1,10,m,Australian Height Datum,known,ground surface,ground level,0,m,,GPS observation,132.2957755,-14.5039366,107,4326,WGS 84,3,GDA94 / MGA zone 53,208520.9948,8394815.994,GDA94
RN022394,132.2957755,-14.50393655,157.29246,4326,636284,111.1,10,m,Australian Height Datum,known,top of casing,ground level,0.45,m,,GPS observation,132.2957755,-14.5039366,107,4326,WGS 84,5,GDA94 / MGA zone 53,208520.9948,8394815.994,GDA94
RN022394,132.2957755,-14.50393655,157.29246,4326,636284,111.1,10,m,Australian Height Datum,known,top of casing protector,ground level,0.45,m,,GPS observation,132.2957755,-14.5039366,107,4326,WGS 84,10,GDA94 / MGA zone 53,208520.9948,8394815.994,GDA94
RN029430,132.3511721,-14.55002299,184.00617,4326,636285,137.9,10,m,Australian Height Datum,known,ground surface,ground level,0,m,,GPS observation,132.3511721,-14.550023,127,4326,WGS 84,3,GDA94 / MGA zone 53,214554.9961,8389783.998,GDA94
RN029430,132.3511721,-14.55002299,184.00617,4326,636285,137.9,10,m,Australian Height Datum,known,top of casing,ground level,0.8,m,,GPS observation,132.3511721,-14.550023,127,4326,WGS 84,5,GDA94 / MGA zone 53,214554.9961,8389783.998,GDA94
RN029430,132.3511721,-14.55002299,184.00617,4326,636285,137.9,10,m,Australian Height Datum,known,top of casing protector,ground level,0.8,m,,GPS observation,132.3511721,-14.550023,127,4326,WGS 84,10,GDA94 / MGA zone 53,214554.9961,8389783.998,GDA94
RN033033,131.3950231,-14.13365412,113.70652,4326,636287,68,10,m,Australian Height Datum,known,ground surface,ground level,0,m,,GPS observation,131.3950231,-14.1336541,85,4326,WGS 84,3,GDA94 / MGA zone 52,758557.002,8436172.002,GDA94
RN033033,131.3950231,-14.13365412,113.70652,4326,636287,68,10,m,Australian Height Datum,known,top of casing,ground level,425,mm,,GPS observation,131.3950231,-14.1336541,85,4326,WGS 84,5,GDA94 / MGA zone 52,758557.002,8436172.002,GDA94
RN021717,131.3058818,-13.97376722,120.9424,4326,636288,74.7,10,m,Australian Height Datum,known,ground surface,ground level,0,m,,GPS observation,131.3058818,-13.9737672,95,4326,WGS 84,3,GDA94 / MGA zone 52,749101.9998,8453964.003,GDA94
RN021717,131.3058818,-13.97376722,120.9424,4326,636288,74.7,10,m,Australian Height Datum,known,top of casing protector,ground level,0.53,m,,GPS observation,131.3058818,-13.9737672,95,4326,WGS 84,10,GDA94 / MGA zone 52,749101.9998,8453964.003,GDA94
RN036815,131.470757,-14.238156,123.39007,4283,636289,78,10,m,Australian Height Datum,known,ground surface,ground level,0,m,,GPS observation,131.470757,-14.238156,68,4283,GDA94,3,GDA94 / MGA zone 52,766615.0352,8424520.037,GDA94
RN036815,131.470757,-14.238156,123.39007,4283,636289,78,10,m,Australian Height Datum,known,top of casing protector,ground level,525,mm,,GPS observation,131.470757,-14.238156,68,4283,GDA94,10,GDA94 / MGA zone 52,766615.0352,8424520.037,GDA94
RN036813,131.4321596,-14.23022286,108.32505,4326,636290,63,10,m,Australian Height Datum,known,ground surface,ground level,0,m,,GPS observation,131.4321596,-14.2302229,72,4326,WGS 84,3,GDA94 / MGA zone 52,762456.996,8425441.996,GDA94
RN036813,131.4321596,-14.23022286,108.32505,4326,636290,63,10,m,Australian Height Datum,known,top of casing protector,ground level,0.42,m,,GPS observation,131.4321596,-14.2302229,72,4326,WGS 84,10,GDA94 / MGA zone 52,762456.996,8425441.996,GDA94
RN020614,131.189249,-13.835771,90.27559,4283,636291,43.8,10,m,Australian Height Datum,known,ground surface,ground level,0,m,,GPS observation,131.189249,-13.835771,21,4283,GDA94,3,GDA94 / MGA zone 52,736636.9737,8469354.971,GDA94
RN020614,131.189249,-13.835771,90.27559,4283,636291,43.8,10,m,Australian Height Datum,known,top of casing,ground level,0.81,m,,GPS observation,131.189249,-13.835771,21,4283,GDA94,5,GDA94 / MGA zone 52,736636.9737,8469354.971,GDA94
RN037041,131.6827537,-14.50874462,127.62281,4326,636292,83,10,m,Australian Height Datum,known,ground surface,ground level,0,m,,GPS observation,131.6827537,-14.5087446,64,4326,WGS 84,3,GDA94 / MGA zone 52,789156.9986,8394311.002,GDA94
RN037041,131.6827537,-14.50874462,127.62281,4326,636292,83,10,m,Australian Height Datum,known,top of casing,ground level,0.54,m,,GPS observation,131.6827537,-14.5087446,64,4326,WGS 84,5,GDA94 / MGA zone 52,789156.9986,8394311.002,GDA94
RN037041,131.6827537,-14.50874462,127.62281,4326,636292,83,10,m,Australian Height Datum,known,top of casing protector,ground level,0.54,m,,GPS observation,131.6827537,-14.5087446,64,4326,WGS 84,10,GDA94 / MGA zone 52,789156.9986,8394311.002,GDA94
RN034596,132.0444005,-14.59800626,139.2031,4326,636293,94.1,10,m,Australian Height Datum,known,ground surface,ground level,0,m,,GPS observation,132.0444005,-14.5980063,42.4,4326,WGS 84,3,GDA94 / MGA zone 53,181540.9999,8384063.995,GDA94
RN034596,132.0444005,-14.59800626,139.2031,4326,636293,94.1,10,m,Australian Height Datum,known,top of casing protector,ground level,1.5,m,,GPS observation,132.0444005,-14.5980063,42.4,4326,WGS 84,10,GDA94 / MGA zone 53,181540.9999,8384063.995,GDA94
RN033132,131.9765319,-14.69704269,131.23505,4326,636294,86.8,10,m,Australian Height Datum,known,top of casing protector,ground level,0.87,m,,GPS observation,131.9765319,-14.6970427,28.9,4326,WGS 84,10,GDA94 / MGA zone 52,820571.9991,8373067.999,GDA94
RN033132,131.9765319,-14.69704269,131.23505,4326,636294,86.8,10,m,Australian Height Datum,known,ground surface,ground level,0,m,,GPS observation,131.9765319,-14.6970427,28.9,4326,WGS 84,3,GDA94 / MGA zone 52,820571.9991,8373067.999,GDA94
RN032750,131.815206,-14.510977,170.05573,4283,636295,125.1,10,m,Australian Height Datum,known,ground surface,ground level,0,m,,GPS observation,131.815206,-14.510977,61,4283,GDA94,3,GDA94 / MGA zone 52,803440.0285,8393891.984,GDA94
RN032750,131.815206,-14.510977,170.05573,4283,636295,125.1,10,m,Australian Height Datum,known,top of casing,ground level,0.6,m,,GPS observation,131.815206,-14.510977,61,4283,GDA94,5,GDA94 / MGA zone 52,803440.0285,8393891.984,GDA94
RN037338,132.1477784,-14.77890577,168.41576,4326,636296,124,10,m,Australian Height Datum,known,ground surface,ground level,0,m,,GPS observation,132.1477784,-14.7789058,91.5,4326,WGS 84,3,GDA94 / MGA zone 53,192941.003,8364176.997,GDA94
RN037338,132.1477784,-14.77890577,168.41576,4326,636296,124,10,m,Australian Height Datum,known,top of casing protector,ground level,0.5,m,,GPS observation,132.1477784,-14.7789058,91.5,4326,WGS 84,10,GDA94 / MGA zone 53,192941.003,8364176.997,GDA94
RN020967,131.1781105,-12.52542279,83.67937,4326,636298,31.9,10,m,Australian Height Datum,known,ground surface,ground level,0,m,,GPS observation,131.1781105,-12.5254228,44.57,4326,WGS 84,3,GDA94 / MGA zone 52,736690.0052,8614368.999,GDA94
RN020967,131.1781105,-12.52542279,83.67937,4326,636298,31.9,10,m,Australian Height Datum,known,top of casing,ground level,0.6,m,,GPS observation,131.1781105,-12.5254228,44.57,4326,WGS 84,5,GDA94 / MGA zone 52,736690.0052,8614368.999,GDA94
RN019674,383702,7363563,,82466,636300,543,10,m,Australian Height Datum,known,ground surface,ground level,0,m,SSC18-40,GPS observation,133.8580865,-23.8350876,241,82466,MGA94 Zone 53,3,GDA94 / MGA zone 53,383702.0046,7363562.996,GDA94
RN019674,383702,7363563,,82466,636300,543,10,m,Australian Height Datum,known,top of casing,ground level,0.85,m,SSC18-40,GPS observation,133.8580865,-23.8350876,241,82466,MGA94 Zone 53,5,GDA94 / MGA zone 53,383702.0046,7363562.996,GDA94
RN019678,405634,7360222,,82466,636301,505,10,m,Australian Height Datum,known,ground surface,ground level,0,m,,GPS observation,134.0731946,-23.8667061,205,82466,MGA94 Zone 53,3,GDA94 / MGA zone 53,405634.0007,7360221.997,GDA94
RN019678,405634,7360222,,82466,636301,505,10,m,Australian Height Datum,known,top of casing,ground level,875,mm,,GPS observation,134.0731946,-23.8667061,205,82466,MGA94 Zone 53,5,GDA94 / MGA zone 53,405634.0007,7360221.997,GDA94
RN019455,388424,7681844,,82466,636303,406.255,0.05,m,Australian Height Datum,known,ground surface,ground level,0,m,SSC18-23,GPS observation,133.9267477,-20.9605548,83,82466,MGA94 Zone 53,3,GDA94 / MGA zone 53,388423.9952,7681844.004,GDA94
RN019455,388424,7681844,,82466,636303,406.255,0.05,m,Australian Height Datum,known,top of casing,ground level,765,mm,SSC18-23,GPS observation,133.9267477,-20.9605548,83,82466,MGA94 Zone 53,5,GDA94 / MGA zone 53,388423.9952,7681844.004,GDA94
RN040873,520144.76,8306293.88,,82465,635728,7.519,0.05,m,Australian Height Datum,known,concrete pad,ground level,0.1,m,KR08,"GPS differential observation, survey quality",129.1876616,-15.3197965,42,82465,MGA94 Zone 52,12,GDA94 / MGA zone 52,520144.7578,8306293.879,GDA94
RN040873,520144.76,8306293.88,,82465,635728,7.519,0.05,m,Australian Height Datum,known,ground surface,ground level,0,m,KR08,"GPS differential observation, survey quality",129.1876616,-15.3197965,42,82465,MGA94 Zone 52,3,GDA94 / MGA zone 52,520144.7578,8306293.879,GDA94
RN040873,520144.76,8306293.88,,82465,635728,7.519,0.05,m,Australian Height Datum,known,top of casing,ground level,0.79,m,KR08,"GPS differential observation, survey quality",129.1876616,-15.3197965,42,82465,MGA94 Zone 52,5,GDA94 / MGA zone 52,520144.7578,8306293.879,GDA94
RN040873,520144.76,8306293.88,,82465,635728,7.519,0.05,m,Australian Height Datum,known,top of casing protector,Australian height datum,8.63,m,KR08,"GPS differential observation, survey quality",129.1876616,-15.3197965,42,82465,MGA94 Zone 52,10,GDA94 / MGA zone 52,520144.7578,8306293.879,GDA94
RN040879,523301.492,8314853.537,,82465,635729,4.575,0.048,m,Australian Height Datum,known,ground surface,ground level,0,m,KR21a,"GPS differential observation, survey quality",129.2169889,-15.2423825,50,82465,MGA94 Zone 52,3,GDA94 / MGA zone 52,523301.4905,8314853.54,GDA94
RN040879,523301.492,8314853.537,,82465,635729,4.575,0.048,m,Australian Height Datum,known,top of casing,ground level,0.94,m,KR21a,"GPS differential observation, survey quality",129.2169889,-15.2423825,50,82465,MGA94 Zone 52,5,GDA94 / MGA zone 52,523301.4905,8314853.54,GDA94
RN040879,523301.492,8314853.537,,82465,635729,4.575,0.048,m,Australian Height Datum,known,top of casing protector,Australian height datum,5.69,m,KR21a,"GPS differential observation, survey quality",129.2169889,-15.2423825,50,82465,MGA94 Zone 52,10,GDA94 / MGA zone 52,523301.4905,8314853.54,GDA94
RN040874,501830.614,8295403.07,,82465,635733,17.506,0.058,m,Australian Height Datum,known,ground surface,ground level,0,m,KR30,"GPS differential observation, survey quality",129.0170614,-15.4183377,37,82465,MGA94 Zone 52,3,GDA94 / MGA zone 52,501830.6133,8295403.073,GDA94
RN040874,501830.614,8295403.07,,82465,635733,17.506,0.058,m,Australian Height Datum,known,top of casing,ground level,0.88,m,KR30,"GPS differential observation, survey quality",129.0170614,-15.4183377,37,82465,MGA94 Zone 52,5,GDA94 / MGA zone 52,501830.6133,8295403.073,GDA94
RN040874,501830.614,8295403.07,,82465,635733,17.506,0.058,m,Australian Height Datum,known,top of casing protector,Australian height datum,18.6,m,KR30,"GPS differential observation, survey quality",129.0170614,-15.4183377,37,82465,MGA94 Zone 52,10,GDA94 / MGA zone 52,501830.6133,8295403.073,GDA94
RN040877,504915.931,8292360.686,,82465,635734,17.913,0.048,m,Australian Height Datum,known,ground surface,ground level,0,m,KR31,"GPS differential observation, survey quality",129.0458227,-15.4458395,41,82465,MGA94 Zone 52,3,GDA94 / MGA zone 52,504915.9274,8292360.684,GDA94
RN040877,504915.931,8292360.686,,82465,635734,17.913,0.048,m,Australian Height Datum,known,top of casing,ground level,865,mm,KR31,"GPS differential observation, survey quality",129.0458227,-15.4458395,41,82465,MGA94 Zone 52,5,GDA94 / MGA zone 52,504915.9274,8292360.684,GDA94
RN040877,504915.931,8292360.686,,82465,635734,17.913,0.048,m,Australian Height Datum,known,top of casing protector,Australian height datum,19.13,m,KR31,"GPS differential observation, survey quality",129.0458227,-15.4458395,41,82465,MGA94 Zone 52,10,GDA94 / MGA zone 52,504915.9274,8292360.684,GDA94
RN040878,505309.448,8293856.701,,82465,635735,16.494,0.059,m,Australian Height Datum,known,ground surface,ground level,0,m,KR33,"GPS differential observation, survey quality",129.0494876,-15.4323134,47,82465,MGA94 Zone 52,3,GDA94 / MGA zone 52,505309.4475,8293856.702,GDA94
RN040878,505309.448,8293856.701,,82465,635735,16.494,0.059,m,Australian Height Datum,known,top of casing,ground level,935,mm,KR33,"GPS differential observation, survey quality",129.0494876,-15.4323134,47,82465,MGA94 Zone 52,5,GDA94 / MGA zone 52,505309.4475,8293856.702,GDA94
RN040878,505309.448,8293856.701,,82465,635735,16.494,0.059,m,Australian Height Datum,known,top of casing protector,Australian height datum,17.65,m,KR33,"GPS differential observation, survey quality",129.0494876,-15.4323134,47,82465,MGA94 Zone 52,10,GDA94 / MGA zone 52,505309.4475,8293856.702,GDA94
RN040876,500049.774,8295302.212,,82465,635741,19.042,0.054,m,Australian Height Datum,known,ground surface,ground level,0,m,KR48,"GPS differential observation, survey quality",129.0004639,-15.4192502,41,82465,MGA94 Zone 52,3,GDA94 / MGA zone 52,500049.7742,8295302.215,GDA94
RN040876,500049.774,8295302.212,,82465,635741,19.042,0.054,m,Australian Height Datum,known,top of casing,ground level,680,mm,KR48,"GPS differential observation, survey quality",129.0004639,-15.4192502,41,82465,MGA94 Zone 52,5,GDA94 / MGA zone 52,500049.7742,8295302.215,GDA94
RN040876,500049.774,8295302.212,,82465,635741,19.042,0.054,m,Australian Height Datum,known,top of casing protector,Australian height datum,20.18,m,KR48,"GPS differential observation, survey quality",129.0004639,-15.4192502,41,82465,MGA94 Zone 52,10,GDA94 / MGA zone 52,500049.7742,8295302.215,GDA94
RN040875,500054.317,8293767.687,,82465,635742,19.951,0.057,m,Australian Height Datum,known,ground surface,ground level,0,m,KR49,"GPS differential observation, survey quality",129.0005063,-15.4331237,43,82465,MGA94 Zone 52,3,GDA94 / MGA zone 52,500054.3199,8293767.686,GDA94
RN040875,500054.317,8293767.687,,82465,635742,19.951,0.057,m,Australian Height Datum,known,top of casing,ground level,0.89,m,KR49,"GPS differential observation, survey quality",129.0005063,-15.4331237,43,82465,MGA94 Zone 52,5,GDA94 / MGA zone 52,500054.3199,8293767.686,GDA94
RN040875,500054.317,8293767.687,,82465,635742,19.951,0.057,m,Australian Height Datum,known,top of casing protector,Australian height datum,20.97,m,KR49,"GPS differential observation, survey quality",129.0005063,-15.4331237,43,82465,MGA94 Zone 52,10,GDA94 / MGA zone 52,500054.3199,8293767.686,GDA94
RN040781,523321.548,8314868.93,,82465,635921,4.735,0.055,m,Australian Height Datum,known,ground surface,ground level,0,m,KR21b,"GPS differential observation, survey quality",129.2171755,-15.2422432,150,82465,MGA94 Zone 52,3,GDA94 / MGA zone 52,523321.5441,8314868.928,GDA94
RN040781,523321.548,8314868.93,,82465,635921,4.735,0.055,m,Australian Height Datum,known,top of casing,Australian height datum,5.31,m,KR21b,"GPS differential observation, survey quality",129.2171755,-15.2422432,150,82465,MGA94 Zone 52,5,GDA94 / MGA zone 52,523321.5441,8314868.928,GDA94
RN040782,522411.732,8301368.526,,82465,635732,12.1,0.055,m,Australian Height Datum,known,ground surface,ground level,0,m,KR23,"GPS differential observation, survey quality",129.2088241,-15.3643074,110,82465,MGA94 Zone 52,3,GDA94 / MGA zone 52,522411.7322,8301368.522,GDA94
RN040782,522411.732,8301368.526,,82465,635732,12.1,0.055,m,Australian Height Datum,known,top of casing,Australian height datum,12.75,m,KR23,"GPS differential observation, survey quality",129.2088241,-15.3643074,110,82465,MGA94 Zone 52,5,GDA94 / MGA zone 52,522411.7322,8301368.522,GDA94
RN040783,509392.776,8307934.098,,82465,635736,16.333,0.06,m,Australian Height Datum,known,ground surface,ground level,0,m,KR36,"GPS differential observation, survey quality",129.0874938,-15.305029,146.4,82465,MGA94 Zone 52,3,GDA94 / MGA zone 52,509392.7734,8307934.099,GDA94
RN040783,509392.776,8307934.098,,82465,635736,16.333,0.06,m,Australian Height Datum,known,top of casing,Australian height datum,16.94,m,KR36,"GPS differential observation, survey quality",129.0874938,-15.305029,146.4,82465,MGA94 Zone 52,5,GDA94 / MGA zone 52,509392.7734,8307934.099,GDA94
RN040884,507769.229,8299897.749,,82465,635737,12.452,0.06,m,Australian Height Datum,known,ground surface,ground level,0,m,KR38,"GPS differential observation, survey quality",129.0723955,-15.3776906,41,82465,MGA94 Zone 52,3,GDA94 / MGA zone 52,507769.2292,8299897.752,GDA94
RN040884,507769.229,8299897.749,,82465,635737,12.452,0.06,m,Australian Height Datum,known,top of casing,ground level,0.83,m,KR38,"GPS differential observation, survey quality",129.0723955,-15.3776906,41,82465,MGA94 Zone 52,5,GDA94 / MGA zone 52,507769.2292,8299897.752,GDA94
RN040884,507769.229,8299897.749,,82465,635737,12.452,0.06,m,Australian Height Datum,known,top of casing protector,Australian height datum,13.37,m,KR38,"GPS differential observation, survey quality",129.0723955,-15.3776906,41,82465,MGA94 Zone 52,10,GDA94 / MGA zone 52,507769.2292,8299897.752,GDA94
RN040883,514309.962,8298828.237,,82465,635738,17.673,0.041,m,Australian Height Datum,known,ground surface,ground level,0,m,KR40,"GPS differential observation, survey quality",129.1333496,-15.3873318,50,82465,MGA94 Zone 52,3,GDA94 / MGA zone 52,514309.9573,8298828.239,GDA94
RN040883,514309.962,8298828.237,,82465,635738,17.673,0.041,m,Australian Height Datum,known,top of casing,ground level,0.46,m,KR40,"GPS differential observation, survey quality",129.1333496,-15.3873318,50,82465,MGA94 Zone 52,5,GDA94 / MGA zone 52,514309.9573,8298828.239,GDA94
RN040883,514309.962,8298828.237,,82465,635738,17.673,0.041,m,Australian Height Datum,known,top of casing protector,Australian height datum,18.6,m,KR40,"GPS differential observation, survey quality",129.1333496,-15.3873318,50,82465,MGA94 Zone 52,10,GDA94 / MGA zone 52,514309.9573,8298828.239,GDA94
RN040881,500051.985,8295681.132,,82465,635739,18.854,0.05,m,Australian Height Datum,known,ground surface,ground level,0,m,KR45,"GPS differential observation, survey quality",129.0004845,-15.4158245,44,82465,MGA94 Zone 52,3,GDA94 / MGA zone 52,500051.9853,8295681.127,GDA94
RN040881,500051.985,8295681.132,,82465,635739,18.854,0.05,m,Australian Height Datum,known,top of casing,ground level,0.86,m,KR45,"GPS differential observation, survey quality",129.0004845,-15.4158245,44,82465,MGA94 Zone 52,5,GDA94 / MGA zone 52,500051.9853,8295681.127,GDA94
RN040881,500051.985,8295681.132,,82465,635739,18.854,0.05,m,Australian Height Datum,known,top of casing protector,Australian height datum,19.8,m,KR45,"GPS differential observation, survey quality",129.0004845,-15.4158245,44,82465,MGA94 Zone 52,10,GDA94 / MGA zone 52,500051.9853,8295681.127,GDA94
RN040882,500053.109,8296644.456,,82465,635740,18.353,0.052,m,Australian Height Datum,known,ground surface,ground level,0,m,KR46,"GPS differential observation, survey quality",129.000495,-15.4071151,44.5,82465,MGA94 Zone 52,3,GDA94 / MGA zone 52,500053.1142,8296644.46,GDA94
RN040882,500053.109,8296644.456,,82465,635740,18.353,0.052,m,Australian Height Datum,known,top of casing,ground level,900,mm,KR46,"GPS differential observation, survey quality",129.000495,-15.4071151,44.5,82465,MGA94 Zone 52,5,GDA94 / MGA zone 52,500053.1142,8296644.46,GDA94
RN040882,500053.109,8296644.456,,82465,635740,18.353,0.052,m,Australian Height Datum,known,top of casing protector,Australian height datum,19.35,m,KR46,"GPS differential observation, survey quality",129.000495,-15.4071151,44.5,82465,MGA94 Zone 52,10,GDA94 / MGA zone 52,500053.1142,8296644.46,GDA94
KR54,467010.637,8305925.689,,82465,635747,47.398,0.047,m,Australian Height Datum,known,ground surface,ground level,0,m,,"GPS differential observation, survey quality",128.6926786,-15.3229927,41,82465,MGA94 Zone 52,3,GDA94 / MGA zone 52,467010.6337,8305925.692,GDA94
KR54,467010.637,8305925.689,,82465,635747,47.398,0.047,m,Australian Height Datum,known,top of casing,ground level,700,mm,,"GPS differential observation, survey quality",128.6926786,-15.3229927,41,82465,MGA94 Zone 52,5,GDA94 / MGA zone 52,467010.6337,8305925.692,GDA94
KR54,467010.637,8305925.689,,82465,635747,47.398,0.047,m,Australian Height Datum,known,top of casing protector,Australian height datum,48.48,m,,"GPS differential observation, survey quality",128.6926786,-15.3229927,41,82465,MGA94 Zone 52,10,GDA94 / MGA zone 52,467010.6337,8305925.692,GDA94
KR55,462063.182,8304333.873,,82465,635748,49.364,0.043,m,Australian Height Datum,known,ground surface,ground level,0,m,,"GPS differential observation, survey quality",128.6465657,-15.3373158,32,82465,MGA94 Zone 52,3,GDA94 / MGA zone 52,462063.1848,8304333.878,GDA94
KR55,462063.182,8304333.873,,82465,635748,49.364,0.043,m,Australian Height Datum,known,top of casing,ground level,860,mm,,"GPS differential observation, survey quality",128.6465657,-15.3373158,32,82465,MGA94 Zone 52,5,GDA94 / MGA zone 52,462063.1848,8304333.878,GDA94
KR55,462063.182,8304333.873,,82465,635748,49.364,0.043,m,Australian Height Datum,known,top of casing protector,Australian height datum,50.37,m,,"GPS differential observation, survey quality",128.6465657,-15.3373158,32,82465,MGA94 Zone 52,10,GDA94 / MGA zone 52,462063.1848,8304333.878,GDA94
RN019387,134.0164932,-23.8825783,516.55,4326,636218,516.55,6,m,GPS ellipsoid,known,ground surface,ground level,0,m,,GPS observation,134.0164932,-23.8825783,153,4326,WGS 84,3,GDA94 / MGA zone 53,399872.5832,7358425.63,GDA94
RN019387,134.0164932,-23.8825783,516.55,4326,636218,516.55,6,m,GPS ellipsoid,known,top of casing,ground level,0.58,m,,GPS observation,134.0164932,-23.8825783,153,4326,WGS 84,5,GDA94 / MGA zone 53,399872.5832,7358425.63,GDA94
RN019456,134.0092491,-20.9908302,397.54,4326,636219,397.54,3,m,GPS ellipsoid,known,ground surface,ground level,0,m,SSC18-60,GPS observation,134.0092491,-20.9908302,78.5,4326,WGS 84,3,GDA94 / MGA zone 53,397022.3063,7678548.25,GDA94
RN019456,134.0092491,-20.9908302,397.54,4326,636219,397.54,3,m,GPS ellipsoid,known,top of casing,ground level,825,mm,SSC18-60,GPS observation,134.0092491,-20.9908302,78.5,4326,WGS 84,5,GDA94 / MGA zone 53,397022.3063,7678548.25,GDA94
RN019457,134.0505936,-20.8856712,401.53693,4326,636220,372.778,0.05,m,Australian Height Datum,known,ground surface,ground level,0,m,SSC18-62,GPS observation,134.0505936,-20.8856712,72,4326,WGS 84,3,GDA94 / MGA zone 53,401250.9849,7690213.666,GDA94
RN019457,134.0505936,-20.8856712,401.53693,4326,636220,372.778,0.05,m,Australian Height Datum,known,top of casing,ground level,805,mm,SSC18-62,GPS observation,134.0505936,-20.8856712,72,4326,WGS 84,5,GDA94 / MGA zone 53,401250.9849,7690213.666,GDA94
RN039169,502856,8296555,,82465,635957,17.107,0.1,m,Australian Height Datum,known,ground surface,ground level,0,m,,digital elevation model,129.0266167,-15.4079223,28,82465,MGA94 Zone 52,3,GDA94 / MGA zone 52,502855.9973,8296555.001,GDA94
RN039169,502856,8296555,,82465,635957,17.107,0.1,m,Australian Height Datum,known,top of casing,ground level,465,mm,,digital elevation model,129.0266167,-15.4079223,28,82465,MGA94 Zone 52,5,GDA94 / MGA zone 52,502855.9973,8296555.001,GDA94
RN019673,402994,7360283,,82466,637299,507,10,m,Australian Height Datum,known,ground surface,ground level,0,m,,GPS observation,134.0472729,-23.8659969,,82466,MGA94 Zone 53,3,GDA94 / MGA zone 53,402993.9994,7360283.003,GDA94
RN019673,402994,7360283,,82466,637299,507,10,m,Australian Height Datum,known,top of casing,ground level,1.08,m,,GPS observation,134.0472729,-23.8659969,,82466,MGA94 Zone 53,5,GDA94 / MGA zone 53,402993.9994,7360283.003,GDA94
RN040310,507701,8296949,,82465,635958,15.018,0.1,m,Australian Height Datum,known,ground surface,ground level,0,m,,digital elevation model,129.0717689,-15.4043502,39,82465,MGA94 Zone 52,3,GDA94 / MGA zone 52,507701.0043,8296949,GDA94
RN040310,507701,8296949,,82465,635958,15.018,0.1,m,Australian Height Datum,known,top of casing,ground level,870,mm,,digital elevation model,129.0717689,-15.4043502,39,82465,MGA94 Zone 52,5,GDA94 / MGA zone 52,507701.0043,8296949,GDA94
RN040311,513882,8298826,,82465,635959,18.267,0.1,m,Australian Height Datum,known,ground surface,ground level,0,m,,digital elevation model,129.1293616,-15.3873544,61,82465,MGA94 Zone 52,3,GDA94 / MGA zone 52,513881.9965,8298826,GDA94
RN040311,513882,8298826,,82465,635959,18.267,0.1,m,Australian Height Datum,known,top of casing,ground level,175,mm,,digital elevation model,129.1293616,-15.3873544,61,82465,MGA94 Zone 52,5,GDA94 / MGA zone 52,513881.9965,8298826,GDA94
RN040315,518761,8298429,,82465,635960,19.814,0.1,m,Australian Height Datum,known,ground surface,ground level,0,m,,digital elevation model,129.1748302,-15.3909126,66,82465,MGA94 Zone 52,3,GDA94 / MGA zone 52,518760.9962,8298428.995,GDA94
RN040315,518761,8298429,,82465,635960,19.814,0.1,m,Australian Height Datum,known,top of casing,ground level,120,mm,,digital elevation model,129.1748302,-15.3909126,66,82465,MGA94 Zone 52,5,GDA94 / MGA zone 52,518760.9962,8298428.995,GDA94
RN040780,530338.125,8322496.983,,82465,635744,5.094,0.056,m,Australian Height Datum,known,ground surface,ground level,0,m,KR50b,"GPS differential observation, survey quality",129.2824231,-15.1732056,147,82465,MGA94 Zone 52,3,GDA94 / MGA zone 52,530338.1209,8322496.982,GDA94
RN040780,530338.125,8322496.983,,82465,635744,5.094,0.056,m,Australian Height Datum,known,top of casing,ground level,700,mm,KR50b,"GPS differential observation, survey quality",129.2824231,-15.1732056,147,82465,MGA94 Zone 52,5,GDA94 / MGA zone 52,530338.1209,8322496.982,GDA94
KR58,432985,8287369,,82465,635749,6.002,0.1,m,Australian Height Datum,known,ground surface,ground level,0,m,,digital elevation model,128.3752129,-15.490091,29,82465,MGA94 Zone 52,3,GDA94 / MGA zone 52,432985.0047,8287369.005,GDA94
KR58,432985,8287369,,82465,635749,6.002,0.1,m,Australian Height Datum,known,top of casing,ground level,0.8,m,,digital elevation model,128.3752129,-15.490091,29,82465,MGA94 Zone 52,5,GDA94 / MGA zone 52,432985.0047,8287369.005,GDA94
RN019680,134.535764,-21.320953,425.82031,4283,641106,396.757,0.05,m,Australian Height Datum,known,ground surface,ground level,0,m,SSC18-54,GPS observation,134.535764,-21.320953,79.9,4283,GDA94,3,GDA94 / MGA zone 53,451856.0074,7642260.025,GDA94
RN019680,134.535764,-21.320953,425.82031,4283,641106,396.757,0.05,m,Australian Height Datum,known,top of casing,ground level,0.69,m,SSC18-54,GPS observation,134.535764,-21.320953,79.9,4283,GDA94,5,GDA94 / MGA zone 53,451856.0074,7642260.025,GDA94
RN021765,131.1281147,-12.48248914,82.28387,4326,636275,30.5,10,m,Australian Height Datum,known,ground surface,ground level,0,m,,GPS observation,131.1281147,-12.4824891,54.7,4326,WGS 84,3,GDA94 / MGA zone 52,731292.9974,8619164.005,GDA94
RN021765,131.1281147,-12.48248914,82.28387,4326,636275,30.5,10,m,Australian Height Datum,known,top of casing protector,ground level,0.77,m,,GPS observation,131.1281147,-12.4824891,54.7,4326,WGS 84,10,GDA94 / MGA zone 52,731292.9974,8619164.005,GDA94
RN028782,132.4000499,-14.50131206,196.40405,4326,636286,149.9,10,m,Australian Height Datum,known,ground surface,ground level,0,m,,GPS observation,132.4000499,-14.5013121,67,4326,WGS 84,3,GDA94 / MGA zone 53,219763.9999,8395236.995,GDA94
RN028782,132.4000499,-14.50131206,196.40405,4326,636286,149.9,10,m,Australian Height Datum,known,top of casing,ground level,0.4,m,,GPS observation,132.4000499,-14.5013121,67,4326,WGS 84,5,GDA94 / MGA zone 53,219763.9999,8395236.995,GDA94
RN039890,479026,8334987,,82465,635923,41.337,0.1,m,Australian Height Datum,known,ground surface,ground level,0,m,"18BP01-D,18BP01D",digital elevation model,128.804852,-15.0603747,250,82465,MGA94 Zone 52,3,GDA94 / MGA zone 52,479025.9954,8334986.998,GDA94
RN039890,479026,8334987,,82465,635923,41.337,0.1,m,Australian Height Datum,known,top of casing,ground level,567,mm,"18BP01-D,18BP01D",digital elevation model,128.804852,-15.0603747,250,82465,MGA94 Zone 52,5,GDA94 / MGA zone 52,479025.9954,8334986.998,GDA94
80918301,441916,8283743,,81931,636203,7.073,0.1,m,Australian Height Datum,known,ground surface,ground level,0,m,"Ord40,Y10A",digital elevation model,128.4594319,-15.5217574,13.5,81931,AMG Zone 52 (AGD 84),3,GDA94 / MGA zone 52,442027.4637,8283890.804,GDA94
80918301,441916,8283743,,81931,636203,7.073,0.1,m,Australian Height Datum,known,top of casing protector,ground level,0.87,m,"Ord40,Y10A",digital elevation model,128.4594319,-15.5217574,13.5,81931,AMG Zone 52 (AGD 84),10,GDA94 / MGA zone 52,442027.4637,8283890.804,GDA94
80918513,498131.764,8284346.403,,82465,636204,21.279,0.1,m,Australian Height Datum,assumed,ground surface,ground level,0,m,KC3PB,GPS differential observation,128.9825796,-15.5182994,33.45,82465,MGA94 Zone 52,3,GDA94 / MGA zone 52,498131.7642,8284346.401,GDA94
80918513,498131.764,8284346.403,,82465,636204,21.279,0.1,m,Australian Height Datum,assumed,top of casing,ground level,0.5,m,KC3PB,GPS differential observation,128.9825796,-15.5182994,33.45,82465,MGA94 Zone 52,5,GDA94 / MGA zone 52,498131.7642,8284346.401,GDA94
80918508,497425,8284141,,81931,636205,21.163,0.1,m,Australian Height Datum,known,ground surface,ground level,0,m,KC11,digital elevation model,128.9770271,-15.5188208,27,81931,AMG Zone 52 (AGD 84),3,GDA94 / MGA zone 52,497536.2973,8284288.673,GDA94
80918508,497425,8284141,,81931,636205,21.163,0.1,m,Australian Height Datum,known,top of casing protector,ground level,1.04,m,KC11,digital elevation model,128.9770271,-15.5188208,27,81931,AMG Zone 52 (AGD 84),10,GDA94 / MGA zone 52,497536.2973,8284288.673,GDA94
RN019364,412143,7802253,,82466,641189,332,10,m,Australian Height Datum,known,ground surface,ground level,0,m,,GPS observation,134.1607983,-19.8739098,36,82466,MGA94 Zone 53,3,GDA94 / MGA zone 53,412142.9969,7802252.996,GDA94
RN019364,412143,7802253,,82466,641189,332,10,m,Australian Height Datum,known,top of casing,ground level,735,mm,,GPS observation,134.1607983,-19.8739098,36,82466,MGA94 Zone 53,5,GDA94 / MGA zone 53,412142.9969,7802252.996,GDA94
RN007412,505548.7,8292329.3,,81931,636181,17.423,0.1,m,Australian Height Datum,known,ground surface,ground level,0,m,,digital elevation model,129.0527581,-15.444787,30.5,81931,AMG Zone 52 (AGD 84),3,GDA94 / MGA zone 52,505659.9962,8292476.929,GDA94
RN007412,505548.7,8292329.3,,81931,636181,17.423,0.1,m,Australian Height Datum,known,top of casing,ground level,0.58,m,,digital elevation model,129.0527581,-15.444787,30.5,81931,AMG Zone 52 (AGD 84),5,GDA94 / MGA zone 52,505659.9962,8292476.929,GDA94
RN029933,533361.5,8319410.2,,81931,636182,7.859,0.1,m,Australian Height Datum,known,ground surface,ground level,0,m,,digital elevation model,129.3116428,-15.1997411,32.6,81931,AMG Zone 52 (AGD 84),3,GDA94 / MGA zone 52,533472.7686,8319557.693,GDA94
RN029933,533361.5,8319410.2,,81931,636182,7.859,0.1,m,Australian Height Datum,known,top of casing,ground level,0.73,m,,digital elevation model,129.3116428,-15.1997411,32.6,81931,AMG Zone 52 (AGD 84),5,GDA94 / MGA zone 52,533472.7686,8319557.693,GDA94
RN029945,520250.6,8296657.3,,81931,636183,15.678,0.1,m,Australian Height Datum,known,ground surface,ground level,0,m,,digital elevation model,129.1897616,-15.4055837,20,81931,AMG Zone 52 (AGD 84),3,GDA94 / MGA zone 52,520361.8597,8296804.888,GDA94
RN029945,520250.6,8296657.3,,81931,636183,15.678,0.1,m,Australian Height Datum,known,top of casing protector,ground level,0.59,m,,digital elevation model,129.1897616,-15.4055837,20,81931,AMG Zone 52 (AGD 84),10,GDA94 / MGA zone 52,520361.8597,8296804.888,GDA94
RN030884,499585,8274061,,81931,636184,28.569,0.1,m,Australian Height Datum,known,ground surface,ground level,0,m,,digital elevation model,128.9971667,-15.6099527,159.78,81931,AMG Zone 52 (AGD 84),3,GDA94 / MGA zone 52,499696.2797,8274208.704,GDA94
RN030884,499585,8274061,,81931,636184,28.569,0.1,m,Australian Height Datum,known,top of casing,ground level,0.39,m,,digital elevation model,128.9971667,-15.6099527,159.78,81931,AMG Zone 52 (AGD 84),5,GDA94 / MGA zone 52,499696.2797,8274208.704,GDA94
RN030885,499613.8,8274026.4,,81931,636185,28.772,0.1,m,Australian Height Datum,known,ground surface,ground level,0,m,,digital elevation model,128.9974353,-15.6102655,32,81931,AMG Zone 52 (AGD 84),3,GDA94 / MGA zone 52,499725.0731,8274174.105,GDA94
RN030885,499613.8,8274026.4,,81931,636185,28.772,0.1,m,Australian Height Datum,known,top of casing,ground level,0.43,m,,digital elevation model,128.9974353,-15.6102655,32,81931,AMG Zone 52 (AGD 84),5,GDA94 / MGA zone 52,499725.0731,8274174.105,GDA94
RN038543,538158,8333350,,81931,636186,7.48,10,m,Australian Height Datum,assumed,ground surface,ground level,0,m,,GPS observation,129.3560888,-15.0736463,24,81931,AMG Zone 52 (AGD 84),3,GDA94 / MGA zone 52,538269.2859,8333497.446,GDA94
RN038543,538158,8333350,,81931,636186,7.48,10,m,Australian Height Datum,assumed,top of casing,ground level,0.48,m,,GPS observation,129.3560888,-15.0736463,24,81931,AMG Zone 52 (AGD 84),5,GDA94 / MGA zone 52,538269.2859,8333497.446,GDA94
FW1mon,470862,8268419,,81931,636188,36.484,0.1,m,Australian Height Datum,known,ground surface,ground level,0,m,,digital elevation model,128.7291546,-15.6607923,21,81931,AMG Zone 52 (AGD 84),3,GDA94 / MGA zone 52,470973.3484,8268566.781,GDA94
FW1mon,470862,8268419,,81931,636188,36.484,0.1,m,Australian Height Datum,known,top of casing protector,ground level,0.69,m,,digital elevation model,128.7291546,-15.6607923,21,81931,AMG Zone 52 (AGD 84),10,GDA94 / MGA zone 52,470973.3484,8268566.781,GDA94
10WP39,486098.168,8295716.033,,82465,636189,23.257,0.1,m,Australian Height Datum,assumed,ground surface,ground level,0,m,,GPS differential observation,128.8704362,-15.4154711,33,82465,MGA94 Zone 52,3,GDA94 / MGA zone 52,486098.1727,8295716.037,GDA94
10WP39,486098.168,8295716.033,,82465,636189,23.257,0.1,m,Australian Height Datum,assumed,top of casing,ground level,0.72,m,,GPS differential observation,128.8704362,-15.4154711,33,82465,MGA94 Zone 52,5,GDA94 / MGA zone 52,486098.1727,8295716.037,GDA94
10WP42,487500.84,8295383.694,,82465,636190,22.867,0.1,m,Australian Height Datum,assumed,ground surface,ground level,0,m,,GPS differential observation,128.8835072,-15.418483,35,82465,MGA94 Zone 52,3,GDA94 / MGA zone 52,487500.8357,8295383.696,GDA94
10WP42,487500.84,8295383.694,,82465,636190,22.867,0.1,m,Australian Height Datum,assumed,top of casing,ground level,0.56,m,,GPS differential observation,128.8835072,-15.418483,35,82465,MGA94 Zone 52,5,GDA94 / MGA zone 52,487500.8357,8295383.696,GDA94
80918500,499481,8278726,,81931,636191,23.498,0.1,m,Australian Height Datum,known,ground surface,ground level,0,m,"KC10,Ord16",digital elevation model,128.9961973,-15.5677777,28.5,81931,AMG Zone 52 (AGD 84),3,GDA94 / MGA zone 52,499592.28,8278873.689,GDA94
80918500,499481,8278726,,81931,636191,23.498,0.1,m,Australian Height Datum,known,top of casing protector,ground level,0.71,m,"KC10,Ord16",digital elevation model,128.9961973,-15.5677777,28.5,81931,AMG Zone 52 (AGD 84),10,GDA94 / MGA zone 52,499592.28,8278873.689,GDA94
80918219,450804,8281036,,81931,636192,16.144,0.1,m,Australian Height Datum,known,ground surface,ground level,0,m,"Ord37,Y16A",digital elevation model,128.5422522,-15.5464175,14,81931,AMG Zone 52 (AGD 84),3,GDA94 / MGA zone 52,450915.4352,8281183.791,GDA94
80918219,450804,8281036,,81931,636192,16.144,0.1,m,Australian Height Datum,known,top of casing protector,ground level,0.85,m,"Ord37,Y16A",digital elevation model,128.5422522,-15.5464175,14,81931,AMG Zone 52 (AGD 84),10,GDA94 / MGA zone 52,450915.4352,8281183.791,GDA94
80918517,497352,8285299,,81931,636193,20.325,0.1,m,Australian Height Datum,known,ground surface,ground level,0,m,"WBS 1155M,WBS1155",digital elevation model,128.9763477,-15.5083515,47,81931,AMG Zone 52 (AGD 84),3,GDA94 / MGA zone 52,497463.3079,8285446.669,GDA94
80918517,497352,8285299,,81931,636193,20.325,0.1,m,Australian Height Datum,known,top of casing,ground level,0.43,m,"WBS 1155M,WBS1155",digital elevation model,128.9763477,-15.5083515,47,81931,AMG Zone 52 (AGD 84),5,GDA94 / MGA zone 52,497463.3079,8285446.669,GDA94
80918284,499770,8287091,,81931,636194,17.886,0.1,m,Australian Height Datum,known,ground surface,ground level,0,m,"Ord24,WP24",digital elevation model,128.9988933,-15.4921517,29,81931,AMG Zone 52 (AGD 84),3,GDA94 / MGA zone 52,499881.298,8287238.659,GDA94
80918284,499770,8287091,,81931,636194,17.886,0.1,m,Australian Height Datum,known,top of casing protector,ground level,1,m,"Ord24,WP24",digital elevation model,128.9988933,-15.4921517,29,81931,AMG Zone 52 (AGD 84),10,GDA94 / MGA zone 52,499881.298,8287238.659,GDA94
81010136,497129,8293599,,81931,636195,20.914,0.1,m,Australian Height Datum,known,ground surface,ground level,0,m,WBS5080,digital elevation model,128.9742778,-15.4333124,167,81931,AMG Zone 52 (AGD 84),3,GDA94 / MGA zone 52,497240.3187,8293746.649,GDA94
81010136,497129,8293599,,81931,636195,20.914,0.1,m,Australian Height Datum,known,top of casing,ground level,0.57,m,WBS5080,digital elevation model,128.9742778,-15.4333124,167,81931,AMG Zone 52 (AGD 84),5,GDA94 / MGA zone 52,497240.3187,8293746.649,GDA94
10WP32PB,486513.137,8290539.107,,82465,636196,25.641,0.1,m,Australian Height Datum,assumed,ground surface,ground level,0,m,,GPS differential observation,128.8742754,-15.4622772,23,82465,MGA94 Zone 52,3,GDA94 / MGA zone 52,486513.1328,8290539.106,GDA94
10WP32PB,486513.137,8290539.107,,82465,636196,25.641,0.1,m,Australian Height Datum,assumed,top of casing,ground level,0.4,m,,GPS differential observation,128.8742754,-15.4622772,23,82465,MGA94 Zone 52,5,GDA94 / MGA zone 52,486513.1328,8290539.106,GDA94
10WP46,486593.359,8295887.04,,82465,636197,22.991,0.1,m,Australian Height Datum,assumed,ground surface,ground level,0,m,,GPS differential observation,128.8750522,-15.4139277,36,82465,MGA94 Zone 52,3,GDA94 / MGA zone 52,486593.3581,8295887.043,GDA94
10WP46,486593.359,8295887.04,,82465,636197,22.991,0.1,m,Australian Height Datum,assumed,top of casing,ground level,0.44,m,,GPS differential observation,128.8750522,-15.4139277,36,82465,MGA94 Zone 52,5,GDA94 / MGA zone 52,486593.3581,8295887.043,GDA94
80918510,495809.481,8277098.459,,82465,636198,25.753,0.1,m,Australian Height Datum,assumed,ground surface,ground level,0,m,KC13,GPS differential observation,128.9609131,-15.5838237,32,82465,MGA94 Zone 52,3,GDA94 / MGA zone 52,495809.4844,8277098.459,GDA94
80918510,495809.481,8277098.459,,82465,636198,25.753,0.1,m,Australian Height Datum,assumed,top of casing,ground level,0.87,m,KC13,GPS differential observation,128.9609131,-15.5838237,32,82465,MGA94 Zone 52,5,GDA94 / MGA zone 52,495809.4844,8277098.459,GDA94
81070001,481885,8289596,,81931,636200,26.016,0.1,m,Australian Height Datum,known,ground surface,ground level,0,m,10WP36,digital elevation model,128.8321643,-15.4694405,29,81931,AMG Zone 52 (AGD 84),3,GDA94 / MGA zone 52,481996.3538,8289743.693,GDA94
81070001,481885,8289596,,81931,636200,26.016,0.1,m,Australian Height Datum,known,top of casing protector,ground level,0.5,m,10WP36,digital elevation model,128.8321643,-15.4694405,29,81931,AMG Zone 52 (AGD 84),10,GDA94 / MGA zone 52,481996.3538,8289743.693,GDA94
80918511,497960.303,8278737.019,,82465,636201,24.845,0.1,m,Australian Height Datum,assumed,ground surface,ground level,0,m,KC14,GPS differential observation,128.9809762,-15.5690125,30,82465,MGA94 Zone 52,3,GDA94 / MGA zone 52,497960.308,8278737.021,GDA94
80918511,497960.303,8278737.019,,82465,636201,24.845,0.1,m,Australian Height Datum,assumed,top of casing,ground level,0.68,m,KC14,GPS differential observation,128.9809762,-15.5690125,30,82465,MGA94 Zone 52,5,GDA94 / MGA zone 52,497960.308,8278737.021,GDA94
