prod_path,WELL,UWI,DEPTH_REFERENCE_ID,Reference Point,local_path,BOREHOLE_NAME,ENO,COUNTRY,STATE,ELEVATION_VALUE,INPUT_UNCERTAINTY_Z,ELEVATION_UOM,ELEVATION_DATUM,ELEVATION_DATUM_CONFIDENCE,DEPTH_REFERENCE_TYPE,DEPTH_REFERENCE_DATUM,DEPTH_REFERENCE_HEIGHT,DEPTH_REFERENCE_UOM,ALTERNATE_NAMES,LOCATION_METHOD,GDA94_LONGITUDE,GDA94_LATITUDE,DEPTH_REFERENCE_TYPE_ID,Reference_datum_height_(mAGL),ground_elevation_(mAHD),GDA2020_longitude,GDA2020_latitude,projected_crs,easting,northing
\\prod.lan\active\proj\futurex\East_Kimberley\Data\Original\Geophysics\Induction_gamma\2016_las_files_DGRT_system\10WP32PB\10WP32PB_conductivity_down.las,10WP32PB,636196,5,top of casing,/home/nsymington/Documents/GA/inductionGamma/EK/2016_las_files_DGRT_system/10WP32PB/10WP32PB_conductivity_down.las,10WP32PB,636196,AUS,WA,25.641,0.1,m,Australian Height Datum,assumed,top of casing,ground level,0.4,m,,GPS differential observation,128.8753129,-15.4609798,5,0.4,25.641,128.87532170788262,-15.460965936959878,GDA94 / MGA zone 52,486624.3455307843,8290682.675691221
\\prod.lan\active\proj\futurex\East_Kimberley\Data\Original\Geophysics\Induction_gamma\2016_las_files_DGRT_system\10WP36PB\10WP36PB_conductivity_down.las,10WP36PB,636200,10,top of casing protector,/home/nsymington/Documents/GA/inductionGamma/EK/2016_las_files_DGRT_system/10WP36PB/10WP36PB_conductivity_down.las,81070001,636200,AUS,WA,26.016,0.1,m,Australian Height Datum,known,top of casing protector,ground level,0.5,m,10WP36,digital elevation model,128.8321643,-15.4694405,10,0.5,26.016,128.8321731105159,-15.46942663709505,GDA94 / MGA zone 52,481996.3538415782,8289743.692639738
\\prod.lan\active\proj\futurex\East_Kimberley\Data\Original\Geophysics\Induction_gamma\2016_las_files_DGRT_system\10WP39\10WP39_conductivity_down.las,10WP39,636189,5,top of casing,/home/nsymington/Documents/GA/inductionGamma/EK/2016_las_files_DGRT_system/10WP39/10WP39_conductivity_down.las,10WP39,636189,AUS,WA,23.257,0.1,m,Australian Height Datum,assumed,top of casing,ground level,0.72,m,,GPS differential observation,128.8714733,-15.414137,5,0.72,23.257,128.87148210803346,-15.414123136628561,GDA94 / MGA zone 52,486209.3627939184,8295863.667206049
\\prod.lan\active\proj\futurex\East_Kimberley\Data\Original\Geophysics\Induction_gamma\2016_las_files_DGRT_system\10WP42\10WP42_conductivity_down.las,10WP42,636190,5,top of casing,/home/nsymington/Documents/GA/inductionGamma/EK/2016_las_files_DGRT_system/10WP42/10WP42_conductivity_down.las,10WP42,636190,AUS,WA,22.867,0.1,m,Australian Height Datum,assumed,top of casing,ground level,0.56,m,,GPS differential observation,128.8845473,-15.4171548,5,0.56,22.867,128.8845561072485,-15.417140936629128,GDA94 / MGA zone 52,487612.3552718332,8295530.666100137
\\prod.lan\active\proj\futurex\East_Kimberley\Data\Original\Geophysics\Induction_gamma\2016_las_files_DGRT_system\10WP46\10WP46_conductivity_down.las,10WP46,636197,5,top of casing,/home/nsymington/Documents/GA/inductionGamma/EK/2016_las_files_DGRT_system/10WP46/10WP46_conductivity_down.las,10WP46,636197,AUS,WA,22.991,0.1,m,Australian Height Datum,assumed,top of casing,ground level,0.44,m,,GPS differential observation,128.8762366,-15.4126661,5,0.44,22.991,128.8762454077431,-15.412652236610153,GDA94 / MGA zone 52,486720.3618879576,8296026.660653814
\\prod.lan\active\proj\futurex\East_Kimberley\Data\Original\Geophysics\Induction_gamma\2017_tfd_files_GA_ALT_system\13BP01D\13BP01D_induction_down.las,13BP01D,627061,10,top of casing protector,/home/nsymington/Documents/GA/inductionGamma/EK/2017_tfd_files_GA_ALT_system/13BP01D/13BP01D_induction_down.las,13BP01D,627061,AUS,WA,84.04,0.1,m,Australian Height Datum,assumed,top of casing protector,ground level,0.73,m,,GPS differential observation,128.7570292,-15.0759335,10,0.73,84.04,128.75703801417424,-15.075919634409471,GDA94 / MGA zone 52,473887.99699523236,8333260.99584632
\\prod.lan\active\proj\futurex\East_Kimberley\Data\Original\Geophysics\Induction_gamma\2017_tfd_files_GA_ALT_system\17BP01I\17BP01I_induction_down_relogged.las,17BP01I,621622,5,top of casing,/home/nsymington/Documents/GA/inductionGamma/EK/2017_tfd_files_GA_ALT_system/17BP01I/17BP01I_induction_down_relogged.las,17BP01I,621622,AUS,WA,41.75,0.1,m,Australian Height Datum,assumed,top of casing,ground level,905.0,mm,,GPS differential observation,128.8045489,-15.0600109,5,0.905,41.75,128.80455771134254,-15.05999703419579,GDA94 / MGA zone 52,478993.3832346656,8335027.207572157
\\prod.lan\active\proj\futurex\East_Kimberley\Data\Original\Geophysics\Induction_gamma\2018_EK_las_files\17BP02I\17BP02-I_ind_down.LAS,17BP02-I,636187,5,top of casing,/home/nsymington/Documents/GA/inductionGamma/EK/2018_EK_las_files/17BP02I/17BP02-I_ind_down.LAS,RN039870,636187,AUS,WA,44.489,0.1,m,Australian Height Datum,assumed,top of casing,ground level,0.6,m,17BP02I,GPS differential observation,128.7102279,-14.9431071,5,0.6,44.489,128.71023671659427,-14.943093233558843,GDA94 / MGA zone 52,468838.997567243,8347946.279000221
\\prod.lan\active\proj\futurex\East_Kimberley\Data\Original\Geophysics\Induction_gamma\2017_tfd_files_GA_ALT_system\17BP03I\17BP03I_induction_down_relogged_run6.las,17BP03I,621623,5,top of casing,/home/nsymington/Documents/GA/inductionGamma/EK/2017_tfd_files_GA_ALT_system/17BP03I/17BP03I_induction_down_relogged_run6.las,17BP03I,621623,AUS,WA,109.525,0.1,m,Australian Height Datum,assumed,top of casing,ground level,410.0,mm,,GPS differential observation,128.711748,-15.0104441,5,0.41,109.525,128.71175681667586,-15.010430234040706,GDA94 / MGA zone 52,469012.14789112017,8340498.653598843
\\prod.lan\active\proj\futurex\East_Kimberley\Data\Original\Geophysics\Induction_gamma\2017_tfd_files_GA_ALT_system\17BP04I\17BP04I_induction_down.las,17BP04I,621624,5,top of casing,/home/nsymington/Documents/GA/inductionGamma/EK/2017_tfd_files_GA_ALT_system/17BP04I/17BP04I_induction_down.las,17BP04I,621624,AUS,WA,66.474,0.1,m,Australian Height Datum,assumed,top of casing,ground level,540.0,mm,,GPS differential observation,128.6531369,-14.9785335,5,0.54,66.474,128.65314572002117,-14.978519633958072,GDA94 / MGA zone 52,462705.7098998596,8344019.117424578
\\prod.lan\active\proj\futurex\East_Kimberley\Data\Original\Geophysics\Induction_gamma\2017_tfd_files_GA_ALT_system\17BP05I\17BP05I_induction_down.las,17BP05I,621625,5,top of casing,/home/nsymington/Documents/GA/inductionGamma/EK/2017_tfd_files_GA_ALT_system/17BP05I/17BP05I_induction_down.las,17BP05I,621625,AUS,WA,41.333,0.1,m,Australian Height Datum,assumed,top of casing,ground level,560.0,mm,,GPS differential observation,128.6389869,-14.9493738,5,0.56,41.333,128.63899572076488,-14.949359933785871,GDA94 / MGA zone 52,461179.0548523597,8347241.926203037
\\prod.lan\active\proj\futurex\East_Kimberley\Data\Original\Geophysics\Induction_gamma\2017_tfd_files_GA_ALT_system\17BP06I\17BP06I_induction_down.las,17BP06I,627063,5,top of casing,/home/nsymington/Documents/GA/inductionGamma/EK/2017_tfd_files_GA_ALT_system/17BP06I/17BP06I_induction_down.las,17BP06I,627063,AUS,WA,94.617,0.1,m,Australian Height Datum,assumed,top of casing,ground level,0.58,m,,GPS differential observation,128.7810639,-15.1786747,5,0.58,94.617,128.78107271298444,-15.178660835099167,GDA94 / MGA zone 52,476482.342848715,8321899.871937993
\\prod.lan\active\proj\futurex\East_Kimberley\Data\Original\Geophysics\Induction_gamma\2017_tfd_files_GA_ALT_system\17BP07D\17BP07D_induction_down.las,17BP07D,627064,5,top of casing,/home/nsymington/Documents/GA/inductionGamma/EK/2017_tfd_files_GA_ALT_system/17BP07D/17BP07D_induction_down.las,RN039880,627064,AUS,WA,93.167,0.1,m,Australian Height Datum,assumed,top of casing,ground level,0.43,m,17BP07I,GPS differential observation,128.7102214,-15.0920408,5,0.43,93.167,128.71023021697158,-15.092026934632388,GDA94 / MGA zone 52,468859.8865279825,8331473.340996372
\\prod.lan\active\proj\futurex\East_Kimberley\Data\Original\Geophysics\Induction_gamma\2018_EK_las_files\18BP01D_RN039890\18BP01-D_ind_down.LAS,18BP01-D,635923,5,top of casing,/home/nsymington/Documents/GA/inductionGamma/EK/2018_EK_las_files/18BP01D_RN039890/18BP01-D_ind_down.LAS,RN039890,635923,AUS,WA,41.337,0.1,m,Australian Height Datum,known,top of casing,ground level,567.0,mm,"18BP01-D,18BP01D",digital elevation model,128.804852,-15.0603747,5,0.567,41.337,128.8048608113255,-15.060360834197821,GDA94 / MGA zone 52,479025.9954180467,8334986.998114125
\\prod.lan\active\proj\futurex\East_Kimberley\Data\Original\Geophysics\Induction_gamma\2018_EK_las_files\18BP07D_RN039888\18BP07-D_ind_down.LAS,18BP07-D,628981,5,top of casing,/home/nsymington/Documents/GA/inductionGamma/EK/2018_EK_las_files/18BP07D_RN039888/18BP07-D_ind_down.LAS,RN039888,628981,AUS,WA,92.86,0.1,m,Australian Height Datum,known,top of casing,ground level,605.0,mm,"18BP07-D,18BP07-D,18BP07D,18BP07D",digital elevation model,128.7099989,-15.0921883,5,0.605,92.86,128.71000771698505,-15.092174434633982,GDA94 / MGA zone 52,468835.9976129527,8331456.995029265
\\prod.lan\active\proj\futurex\East_Kimberley\Data\Original\Geophysics\Induction_gamma\2018_EK_las_files\18BP13D_RN039889\18BP13-D_ind_down.LAS,18BP13-D,635922,5,top of casing,/home/nsymington/Documents/GA/inductionGamma/EK/2018_EK_las_files/18BP13D_RN039889/18BP13-D_ind_down.LAS,RN039889,635922,AUS,WA,84.052,0.1,m,Australian Height Datum,known,top of casing,ground level,500.0,mm,"18BP13-D,18BP13D",digital elevation model,128.7572616,-15.0761778,5,0.5,84.052,128.75727041416116,-15.076163934410722,GDA94 / MGA zone 52,473913.0028632641,8333234.002326028
\\prod.lan\active\proj\futurex\East_Kimberley\Data\Original\Geophysics\Induction_gamma\2016_las_files_DGRT_system\FW1\FW1mon_conductivity_down.las,FW1,636188,10,top of casing protector,/home/nsymington/Documents/GA/inductionGamma/EK/2016_las_files_DGRT_system/FW1/FW1mon_conductivity_down.las,FW1mon,636188,AUS,WA,36.484,0.1,m,Australian Height Datum,known,top of casing protector,ground level,0.69,m,,digital elevation model,128.7291546,-15.6607923,10,0.69,36.484,128.72916341722615,-15.660778438679785,GDA94 / MGA zone 52,470973.34836438805,8268566.781363877
\\prod.lan\active\proj\futurex\East_Kimberley\Data\Original\Geophysics\Induction_gamma\2017_tfd_files_GA_ALT_system\KC13\KC13_induction_down.las,KC13,636198,5,top of casing,/home/nsymington/Documents/GA/inductionGamma/EK/2017_tfd_files_GA_ALT_system/KC13/KC13_induction_down.las,80918510,636198,AUS,WA,25.753,0.1,m,Australian Height Datum,assumed,top of casing,ground level,0.87,m,KC13,GPS differential observation,128.9619376,-15.5825289,5,0.87,25.753,128.96194640279037,-15.582515037711913,GDA94 / MGA zone 52,495919.2957030371,8277241.697029687
\\prod.lan\active\proj\futurex\East_Kimberley\Data\Original\Geophysics\Induction_gamma\2017_tfd_files_GA_ALT_system\KC14\KC14_induction_down.las,KC14,636201,5,top of casing,/home/nsymington/Documents/GA/inductionGamma/EK/2017_tfd_files_GA_ALT_system/KC14/KC14_induction_down.las,80918511,636201,AUS,WA,24.845,0.1,m,Australian Height Datum,assumed,top of casing,ground level,0.68,m,KC14,GPS differential observation,128.9819928,-15.5676866,5,0.68,24.845,128.98200160154482,-15.56767273758088,GDA94 / MGA zone 52,498069.2933746525,8278883.688147049
\\prod.lan\active\proj\futurex\East_Kimberley\Data\Original\Geophysics\Induction_gamma\2017_tfd_files_GA_ALT_system\KC3PB\KC3PB_induction_down.las,KC3PB,636204,5,top of casing,/home/nsymington/Documents/GA/inductionGamma/EK/2017_tfd_files_GA_ALT_system/KC3PB/KC3PB_induction_down.las,80918513,636204,AUS,WA,21.279,0.1,m,Australian Height Datum,assumed,top of casing,ground level,0.5,m,KC3PB,GPS differential observation,128.9836197,-15.516968,5,0.5,21.279,128.98362850138332,-15.516954137213098,GDA94 / MGA zone 52,498243.2975576452,8284493.675659725
\\prod.lan\active\proj\futurex\East_Kimberley\Data\Original\Geophysics\Induction_gamma\2018_EK_las_files\KR08\KR8_ind_down.LAS,KR08,635728,10,top of casing protector,/home/nsymington/Documents/GA/inductionGamma/EK/2018_EK_las_files/KR08/KR8_ind_down.LAS,RN040873,635728,AUS,NT,7.519,0.05,m,Australian Height Datum,known,top of casing protector,Australian height datum,8.63,m,KR08,"GPS differential observation, survey quality",129.1876616,-15.3197965,10,1.1110000000000007,7.519,129.1876703889018,-15.319782635640152,GDA94 / MGA zone 52,520144.75779400906,8306293.879482882
\\prod.lan\active\proj\futurex\East_Kimberley\Data\Original\Geophysics\Induction_gamma\2018_EK_las_files\KR21\KR21_ind_down.LAS,KR21,635729,5,top of casing,/home/nsymington/Documents/GA/inductionGamma/EK/2018_EK_las_files/KR21/KR21_ind_down.LAS,RN040879,635729,AUS,NT,4.575,0.048,m,Australian Height Datum,known,top of casing,ground level,0.94,m,KR21a,"GPS differential observation, survey quality",129.2169889,-15.2423825,5,0.94,4.575,129.21699768712944,-15.242368635072118,GDA94 / MGA zone 52,523301.4904699501,8314853.540186042
\\prod.lan\active\proj\futurex\East_Kimberley\Data\Original\Geophysics\Induction_gamma\2018_EK_las_files\KR21b_RN040781\RN_04781_KR21b_ind_down.LAS,KR21b,635921,5,top of casing,/home/nsymington/Documents/GA/inductionGamma/EK/2018_EK_las_files/KR21b_RN040781/RN_04781_KR21b_ind_down.LAS,RN040781,635921,AUS,NT,4.735,0.055,m,Australian Height Datum,known,top of casing,Australian height datum,5.31,m,KR21b,"GPS differential observation, survey quality",129.2171755,-15.2422432,5,0.5749999999999993,4.735,129.2171842871183,-15.242229335071077,GDA94 / MGA zone 52,523321.5440662977,8314868.9278498795
\\prod.lan\active\proj\futurex\East_Kimberley\Data\Original\Geophysics\Induction_gamma\2018_EK_las_files\KR22\KR22_ind_down.LAS,KR22,635730,10,top of casing protector,/home/nsymington/Documents/GA/inductionGamma/EK/2018_EK_las_files/KR22/KR22_ind_down.LAS,RN040880,635730,AUS,NT,4.364,0.054,m,Australian Height Datum,known,top of casing protector,Australian height datum,5.52,m,"KR22,KR22a","GPS differential observation, survey quality",129.2201265,-15.2281958,10,1.1559999999999997,4.364,129.22013528694006,-15.228181934968687,GDA94 / MGA zone 52,523640.00928209996,8316422.356895352
\\prod.lan\active\proj\futurex\East_Kimberley\Data\Original\Geophysics\Induction_gamma\2018_EK_las_files\KR23_RN040782\KR23_ind_down.LAS,KR23,635732,5,top of casing,/home/nsymington/Documents/GA/inductionGamma/EK/2018_EK_las_files/KR23_RN040782/KR23_ind_down.LAS,RN040782,635732,AUS,NT,12.1,0.055,m,Australian Height Datum,known,top of casing,Australian height datum,12.75,m,KR23,"GPS differential observation, survey quality",129.2088241,-15.3643074,5,0.6500000000000004,12.1,129.20883288764205,-15.364293535957605,GDA94 / MGA zone 52,522411.7322264304,8301368.522285055
\\prod.lan\active\proj\futurex\East_Kimberley\Data\Original\Geophysics\Induction_gamma\2018_EK_las_files\KR30\KR30_ind_down.LAS,KR30,635733,10,top of casing protector,/home/nsymington/Documents/GA/inductionGamma/EK/2018_EK_las_files/KR30/KR30_ind_down.LAS,RN040874,635733,AUS,NT,17.506,0.058,m,Australian Height Datum,known,top of casing protector,Australian height datum,18.6,m,KR30,"GPS differential observation, survey quality",129.0170614,-15.4183377,10,1.0940000000000012,17.506,129.01707019924078,-15.41832383646473,GDA94 / MGA zone 52,501830.6132725525,8295403.0727380775
\\prod.lan\active\proj\futurex\East_Kimberley\Data\Original\Geophysics\Induction_gamma\2018_EK_las_files\KR31a\KR31a_ind_down.LAS,KR31,635734,5,top of casing,/home/nsymington/Documents/GA/inductionGamma/EK/2018_EK_las_files/KR31a/KR31a_ind_down.LAS,RN040877,635734,AUS,NT,17.913,0.048,m,Australian Height Datum,known,top of casing,ground level,865.0,mm,KR31,"GPS differential observation, survey quality",129.0458227,-15.4458395,5,0.865,17.913,129.0458314975286,-15.445825636635965,GDA94 / MGA zone 52,504915.9274483096,8292360.683834466
\\prod.lan\active\proj\futurex\East_Kimberley\Data\Original\Geophysics\Induction_gamma\2018_EK_las_files\KR33\KR33_ind_down_generator.LAS,KR33,635735,5,top of casing,/home/nsymington/Documents/GA/inductionGamma/EK/2018_EK_las_files/KR33/KR33_ind_down_generator.LAS,RN040878,635735,AUS,NT,16.494,0.059,m,Australian Height Datum,known,top of casing,ground level,935.0,mm,KR33,"GPS differential observation, survey quality",129.0494876,-15.4323134,5,0.935,16.494,129.04949639729406,-15.432299536534988,GDA94 / MGA zone 52,505309.4474618943,8293856.702245035
\\prod.lan\active\proj\futurex\East_Kimberley\Data\Original\Geophysics\Induction_gamma\2018_EK_las_files\KR36_RN040783\RN040783_KR36_ind_down.LAS,KR36,635736,5,top of casing,/home/nsymington/Documents/GA/inductionGamma/EK/2018_EK_las_files/KR36_RN040783/RN040783_KR36_ind_down.LAS,RN040783,635736,AUS,NT,16.333,0.06,m,Australian Height Datum,known,top of casing,Australian height datum,16.94,m,KR36,"GPS differential observation, survey quality",129.0874938,-15.305029,5,0.6070000000000029,16.333,129.0875025948977,-15.305015135584076,GDA94 / MGA zone 52,509392.77340307133,8307934.098888157
\\prod.lan\active\proj\futurex\East_Kimberley\Data\Original\Geophysics\Induction_gamma\2018_EK_las_files\KR38\KR38_ind_down.LAS,KR38,635737,10,top of casing protector,/home/nsymington/Documents/GA/inductionGamma/EK/2018_EK_las_files/KR38/KR38_ind_down.LAS,RN040884,635737,AUS,NT,12.452,0.06,m,Australian Height Datum,known,top of casing protector,Australian height datum,13.37,m,KR38,"GPS differential observation, survey quality",129.0723955,-15.3776906,10,0.9179999999999993,12.452,129.07240429586295,-15.377676736121103,GDA94 / MGA zone 52,507769.229190389,8299897.751956057
\\prod.lan\active\proj\futurex\East_Kimberley\Data\Original\Geophysics\Induction_gamma\2018_EK_las_files\KR40\KR40_ind_down.LAS,KR40,635738,10,top of casing protector,/home/nsymington/Documents/GA/inductionGamma/EK/2018_EK_las_files/KR40/KR40_ind_down.LAS,RN040883,635738,AUS,NT,17.673,0.041,m,Australian Height Datum,known,top of casing protector,Australian height datum,18.6,m,KR40,"GPS differential observation, survey quality",129.1333496,-15.3873318,10,0.9270000000000032,17.673,129.13335839219627,-15.38731793615121,GDA94 / MGA zone 52,514309.95729276416,8298828.239283649
\\prod.lan\active\proj\futurex\East_Kimberley\Data\Original\Geophysics\Induction_gamma\2018_EK_las_files\KR45\KR45_ind_down.LAS,KR45,635739,10,top of casing protector,/home/nsymington/Documents/GA/inductionGamma/EK/2018_EK_las_files/KR45/KR45_ind_down.LAS,RN040881,635739,AUS,NT,18.854,0.05,m,Australian Height Datum,known,top of casing protector,Australian height datum,19.8,m,KR45,"GPS differential observation, survey quality",129.0004845,-15.4158245,10,0.9460000000000015,18.854,129.00049330023973,-15.415810636464046,GDA94 / MGA zone 52,500051.9853459294,8295681.126505516
\\prod.lan\active\proj\futurex\East_Kimberley\Data\Original\Geophysics\Induction_gamma\2018_EK_las_files\KR46\KR46_ind_down.LAS,KR46,635740,5,top of casing,/home/nsymington/Documents/GA/inductionGamma/EK/2018_EK_las_files/KR46/KR46_ind_down.LAS,RN040882,635740,AUS,NT,18.353,0.052,m,Australian Height Datum,known,top of casing,ground level,900.0,mm,KR46,"GPS differential observation, survey quality",129.000495,-15.4071151,5,0.9,18.353,129.00050380022904,-15.40710123640113,GDA94 / MGA zone 52,500053.1141750582,8296644.459964997
\\prod.lan\active\proj\futurex\East_Kimberley\Data\Original\Geophysics\Induction_gamma\2018_EK_las_files\KR48\KR48_ind_down.LAS,KR48,635741,5,top of casing,/home/nsymington/Documents/GA/inductionGamma/EK/2018_EK_las_files/KR48/KR48_ind_down.LAS,RN040876,635741,AUS,WA,19.042,0.054,m,Australian Height Datum,known,top of casing,ground level,680.0,mm,KR48,"GPS differential observation, survey quality",129.0004639,-15.4192502,5,0.68,19.042,129.00047270024493,-15.41923633648881,GDA94 / MGA zone 52,500049.77421427594,8295302.214847102
\\prod.lan\active\proj\futurex\East_Kimberley\Data\Original\Geophysics\Induction_gamma\2018_EK_las_files\KR49\KR49_ind_down.LAS,KR49,635742,10,top of casing protector,/home/nsymington/Documents/GA/inductionGamma/EK/2018_EK_las_files/KR49/KR49_ind_down.LAS,RN040875,635742,AUS,NT,19.951,0.057,m,Australian Height Datum,known,top of casing protector,Australian height datum,20.97,m,KR49,"GPS differential observation, survey quality",129.0005063,-15.4331237,10,1.0189999999999984,19.951,129.00051510025847,-15.433109836588951,GDA94 / MGA zone 52,500054.31992118724,8293767.686113305
\\prod.lan\active\proj\futurex\East_Kimberley\Data\Original\Geophysics\Induction_gamma\2018_EK_las_files\KR50a\KR50A_ind_down.LAS,KR50A,635743,10,top of casing protector,/home/nsymington/Documents/GA/inductionGamma/EK/2018_EK_las_files/KR50a/KR50A_ind_down.LAS,RN040872,635743,AUS,NT,4.799,0.055,m,Australian Height Datum,known,top of casing protector,Australian height datum,5.89,m,KR50a,"GPS differential observation, survey quality",129.2826279,-15.1732809,10,1.0909999999999993,4.799,129.28263668322506,-15.173267034568358,GDA94 / MGA zone 52,530360.1100413564,8322488.624933412
\\prod.lan\active\proj\futurex\East_Kimberley\Data\Original\Geophysics\Induction_gamma\2018_EK_las_files\KR50b_RN040780\RN04780_KR50m_ind_down.LAS,KR50b,635744,5,top of casing,/home/nsymington/Documents/GA/inductionGamma/EK/2018_EK_las_files/KR50b_RN040780/RN04780_KR50m_ind_down.LAS,RN040780,635744,AUS,NT,5.094,0.056,m,Australian Height Datum,known,top of casing,ground level,700.0,mm,KR50b,"GPS differential observation, survey quality",129.2824231,-15.1732056,5,0.7,5.094,129.28243188323722,-15.173191734567787,GDA94 / MGA zone 52,530338.120855855,8322496.982056692
\\prod.lan\active\proj\futurex\East_Kimberley\Data\Original\Geophysics\Induction_gamma\2018_EK_las_files\KR51a\KR51A_ind_down.LAS,KR51A,635745,10,top of casing protector,/home/nsymington/Documents/GA/inductionGamma/EK/2018_EK_las_files/KR51a/KR51A_ind_down.LAS,RN040871,635745,AUS,NT,5.093,0.055,m,Australian Height Datum,known,top of casing protector,Australian height datum,6.15,m,KR51a,"GPS differential observation, survey quality",129.3976583,-15.0933417,10,1.0570000000000004,5.093,129.39766707645717,-15.093327834027319,GDA94 / MGA zone 52,542732.9340670961,8331311.3432578575
\\prod.lan\active\proj\futurex\East_Kimberley\Data\Original\Geophysics\Induction_gamma\2018_EK_las_files\KR51b\KR51B_ind_down.LAS,KR51B,635746,5,top of casing,/home/nsymington/Documents/GA/inductionGamma/EK/2018_EK_las_files/KR51b/KR51B_ind_down.LAS,RN040870,635746,AUS,NT,4.41,0.049,m,Australian Height Datum,known,top of casing,Australian height datum,6.38,m,KR51b,"GPS differential observation, survey quality",129.3976355,-15.0934123,5,1.9699999999999998,4.41,129.39764427645852,-15.093398434027831,GDA94 / MGA zone 52,542730.4698000007,8331303.53878483
\\prod.lan\active\proj\futurex\East_Kimberley\Data\Original\Geophysics\Induction_gamma\2018_EK_las_files\KR54\KR54_ind_down3.LAS,KR54,635747,5,top of casing,/home/nsymington/Documents/GA/inductionGamma/EK/2018_EK_las_files/KR54/KR54_ind_down3.LAS,KR54,635747,AUS,WA,47.398,0.047,m,Australian Height Datum,known,top of casing,ground level,700.0,mm,,"GPS differential observation, survey quality",128.6926786,-15.3229927,5,0.7,47.398,128.69268741860515,-15.322978836337212,GDA94 / MGA zone 52,467010.63368823915,8305925.691534448
\\prod.lan\active\proj\futurex\East_Kimberley\Data\Original\Geophysics\Induction_gamma\2018_EK_las_files\KR55\KR55_ind_up2.LAS,KR55,635748,5,top of casing,/home/nsymington/Documents/GA/inductionGamma/EK/2018_EK_las_files/KR55/KR55_ind_up2.LAS,KR55,635748,AUS,WA,49.364,0.043,m,Australian Height Datum,known,top of casing,ground level,860.0,mm,,"GPS differential observation, survey quality",128.6465657,-15.3373158,5,0.86,49.364,128.64657452141353,-15.33730193655696,GDA94 / MGA zone 52,462063.1847626484,8304333.877907025
\\prod.lan\active\proj\futurex\East_Kimberley\Data\Original\Geophysics\Induction_gamma\2018_EK_las_files\KR58\KR58_ind_down.LAS,KR58,635749,5,top of casing,/home/nsymington/Documents/GA/inductionGamma/EK/2018_EK_las_files/KR58/KR58_ind_down.LAS,KR58,635749,AUS,WA,6.002,0.1,m,Australian Height Datum,known,top of casing,ground level,0.8,m,,digital elevation model,128.3752129,-15.490091,5,0.8,6.002,128.3752217383424,-15.49007713852326,GDA94 / MGA zone 52,432985.0046682454,8287369.004545712
\\prod.lan\active\proj\futurex\East_Kimberley\Data\Original\Geophysics\Induction_gamma\2018_EK_las_files\KR61_RN039891\KR61_ind_down.LAS,KR61,635750,5,top of casing,/home/nsymington/Documents/GA/inductionGamma/EK/2018_EK_las_files/KR61_RN039891/KR61_ind_down.LAS,RN039891,635750,AUS,WA,47.791,0.1,m,Australian Height Datum,known,top of casing,ground level,860.0,mm,"KR61,KR61-1",digital elevation model,128.6695732,-15.3208504,5,0.86,47.791,128.66958201998648,-15.320836536379188,GDA94 / MGA zone 52,464530.00415020605,8306159.00178081
\\prod.lan\active\proj\futurex\East_Kimberley\Data\Original\Geophysics\Induction_gamma\2017_tfd_files_GA_ALT_system\NTroad_bore1\NTroad_bore1_induction_down.las,NTroad_bore1,635957,5,top of casing,/home/nsymington/Documents/GA/inductionGamma/EK/2017_tfd_files_GA_ALT_system/NTroad_bore1/NTroad_bore1_induction_down.las,RN039169,635957,AUS,NT,17.107,0.1,m,Australian Height Datum,known,top of casing,ground level,465.0,mm,,digital elevation model,129.0266167,-15.4079223,5,0.465,17.107,129.02662549865246,-15.407908436379945,GDA94 / MGA zone 52,502855.9972775831,8296555.000643874
\\prod.lan\active\proj\futurex\East_Kimberley\Data\Original\Geophysics\Induction_gamma\2017_tfd_files_GA_ALT_system\NTroad_bore2\NTroad_bore2_induction_down.las,NTroad_bore2,635958,5,top of casing,/home/nsymington/Documents/GA/inductionGamma/EK/2017_tfd_files_GA_ALT_system/NTroad_bore2/NTroad_bore2_induction_down.las,RN040310,635958,AUS,NT,15.018,0.1,m,Australian Height Datum,known,top of casing,ground level,870.0,mm,,digital elevation model,129.0717689,-15.4043502,5,0.87,15.018,129.0717776959229,-15.404336336314381,GDA94 / MGA zone 52,507701.00434991706,8296949.000072701
\\prod.lan\active\proj\futurex\East_Kimberley\Data\Original\Geophysics\Induction_gamma\2017_tfd_files_GA_ALT_system\NTroad_bore3\NTroad_bore3_induction_down.las,NTroad_bore3,635959,5,top of casing,/home/nsymington/Documents/GA/inductionGamma/EK/2017_tfd_files_GA_ALT_system/NTroad_bore3/NTroad_bore3_induction_down.las,RN040311,635959,AUS,NT,18.267,0.1,m,Australian Height Datum,known,top of casing,ground level,175.0,mm,,digital elevation model,129.1293616,-15.3873544,5,0.175,18.267,129.1293703924367,-15.387340536153475,GDA94 / MGA zone 52,513881.9965447947,8298825.999869476
\\prod.lan\active\proj\futurex\East_Kimberley\Data\Original\Geophysics\Induction_gamma\2017_tfd_files_GA_ALT_system\NTroad_bore4\NTroad_bore4_induction_down.las,NTroad_bore4,635960,5,top of casing,/home/nsymington/Documents/GA/inductionGamma/EK/2017_tfd_files_GA_ALT_system/NTroad_bore4/NTroad_bore4_induction_down.las,RN040315,635960,AUS,NT,19.814,0.1,m,Australian Height Datum,known,top of casing,ground level,120.0,mm,,digital elevation model,129.1748302,-15.3909126,5,0.12,19.814,129.1748389896971,-15.390898736159384,GDA94 / MGA zone 52,518760.99615284737,8298428.995122796
\\prod.lan\active\proj\futurex\East_Kimberley\Data\Original\Geophysics\Induction_gamma\2016_las_files_DGRT_system\Ord16\Ord16_conductivity_down.las,Ord16,636191,10,top of casing protector,/home/nsymington/Documents/GA/inductionGamma/EK/2016_las_files_DGRT_system/Ord16/Ord16_conductivity_down.las,80918500,636191,AUS,WA,23.498,0.1,m,Australian Height Datum,known,top of casing protector,ground level,0.71,m,"KC10,Ord16",digital elevation model,128.9961973,-15.5677777,10,0.71,23.498,128.99620610067663,-15.567763837565595,GDA94 / MGA zone 52,499592.28004617,8278873.689365959
\\prod.lan\active\proj\futurex\East_Kimberley\Data\Original\Geophysics\Induction_gamma\2017_tfd_files_GA_ALT_system\Ord24\Ord24_induction_down.las,Ord24,636194,10,top of casing protector,/home/nsymington/Documents/GA/inductionGamma/EK/2017_tfd_files_GA_ALT_system/Ord24/Ord24_induction_down.las,80918284,636194,AUS,WA,17.886,0.1,m,Australian Height Datum,known,top of casing protector,ground level,1.0,m,"Ord24,WP24",digital elevation model,128.9988933,-15.4921517,10,1.0,17.886,128.99890210042457,-15.492137837016887,GDA94 / MGA zone 52,499881.29797823564,8287238.658677863
\\prod.lan\active\proj\futurex\East_Kimberley\Data\Original\Geophysics\Induction_gamma\2016_las_files_DGRT_system\Y16A_Ord37\Y16A_Ord37_conductivity_down.las,Ord37,636192,10,top of casing protector,/home/nsymington/Documents/GA/inductionGamma/EK/2016_las_files_DGRT_system/Y16A_Ord37/Y16A_Ord37_conductivity_down.las,80918219,636192,AUS,WA,16.144,0.1,m,Australian Height Datum,known,top of casing protector,ground level,0.85,m,"Ord37,Y16A",digital elevation model,128.5422522,-15.5464175,10,0.85,16.144,128.54226102836614,-15.546403638354406,GDA94 / MGA zone 52,450915.43520185584,8281183.791025381
\\prod.lan\active\proj\futurex\East_Kimberley\Data\Original\Geophysics\Induction_gamma\2016_las_files_DGRT_system\Y10A_Ord40\Y10A_Ord40_conductivity_down.las,Ord40,636203,10,top of casing protector,/home/nsymington/Documents/GA/inductionGamma/EK/2016_las_files_DGRT_system/Y10A_Ord40/Y10A_Ord40_conductivity_down.las,80918301,636203,AUS,WA,7.073,0.1,m,Australian Height Datum,known,top of casing protector,ground level,0.87,m,"Ord40,Y10A",digital elevation model,128.4594319,-15.5217574,10,0.87,7.073,128.45944073333493,-15.521743538446167,GDA94 / MGA zone 52,442027.4636552201,8283890.80438279
\\prod.lan\active\proj\futurex\StuartCorridor\Data\Processed\Geophysics\InductionGamma\From-Data-Original\Induction_and_Gamma_Results\Alice_Springs\RN006504\RN006504_Induction_down.LAS,RN006504,628372,5,top of casing,,RN006504,628372,AUS,NT,492.0,10.0,m,Australian Height Datum,assumed,top of casing,ground level,715.0,mm,,GPS observation,134.2272543,-23.8279738,5,0.715,492.0,134.22726258044182,-23.82796005297783,GDA94 / MGA zone 53,421297.4621375812,7364604.523660078
\\prod.lan\active\proj\futurex\East_Kimberley\Data\Original\Geophysics\Induction_gamma\2017_tfd_files_GA_ALT_system\RN007412\RN007412_induction_down.las,RN007412,636181,5,top of casing,/home/nsymington/Documents/GA/inductionGamma/EK/2017_tfd_files_GA_ALT_system/RN007412/RN007412_induction_down.las,RN007412,636181,AUS,NT,17.423,0.1,m,Australian Height Datum,known,top of casing,ground level,0.58,m,,digital elevation model,129.0527581,-15.444787,5,0.58,17.423,129.05276689710763,-15.444773136622297,GDA94 / MGA zone 52,505659.99619943375,8292476.929180966
\\prod.lan\active\proj\futurex\StuartCorridor\Data\Processed\Geophysics\InductionGamma\From-Data-Original\Induction_and_Gamma_Results\Tennant_Creek\RN013453\RN013453_Ind_Up.las,RN013453,621386,5,top of casing,,RN013453,621386,AUS,NT,332.0,16.0,m,Australian Height Datum,assumed,top of casing,ground level,690.0,mm,,GPS observation,134.1713593,-19.8799682,5,0.69,332.0,134.17136768516863,-19.879954422730734,GDA94 / MGA zone 53,413251.9974334756,7801587.99920485
\\prod.lan\active\proj\futurex\StuartCorridor\Data\Processed\Geophysics\InductionGamma\From-Data-Original\Induction_and_Gamma_Results\Tennant_Creek\RN013454\RN013454_Ind_Up.las,RN013454,621385,5,top of casing,,RN013454,621385,AUS,NT,317.0,16.0,m,Australian Height Datum,assumed,top of casing,ground level,710.0,mm,,GPS observation,134.1608187,-19.873969,5,0.71,317.0,134.16082708616312,-19.873955222457408,GDA94 / MGA zone 53,412145.165327009,7802246.454616563
\\prod.lan\active\proj\futurex\StuartCorridor\Data\Processed\Geophysics\InductionGamma\From-Data-Original\Induction_and_Gamma_Results\Tennant_Creek\RN013455\RN013455_Induction_Up.las,RN013455,621384,5,top of casing,,RN013455,621384,AUS,NT,320.0,16.0,m,Australian Height Datum,assumed,top of casing,ground level,735.0,mm,,GPS observation,134.1692754,-19.7829286,5,0.735,320.0,134.1692837876855,-19.782914821958308,GDA94 / MGA zone 53,412981.00095099263,7812325.999130284
\\prod.lan\active\proj\futurex\StuartCorridor\Data\Processed\Geophysics\InductionGamma\From-Data-Original\Induction_and_Gamma_Results\Tennant_Creek\RN013457\RN013457_Induction_Up.las,RN013457,621383,5,top of casing,,RN013457,621383,AUS,NT,310.0,16.0,m,Australian Height Datum,assumed,top of casing,ground level,785.0,mm,PR 47,GPS observation,134.0864328,-19.796928,5,0.785,310.0,134.08644119399037,-19.796914220282584,GDA94 / MGA zone 53,404310.9985982211,7810731.995199205
\\prod.lan\active\proj\futurex\StuartCorridor\Data\Processed\Geophysics\InductionGamma\From-Data-Original\Induction_and_Gamma_Results\Tennant_Creek\RN013458\RN013458_Induction_Up.las,RN013458,621382,5,top of casing,,RN013458,621382,AUS,NT,314.0,16.0,m,Australian Height Datum,assumed,top of casing,ground level,900.0,mm,,GPS observation,134.0809859,-19.8194719,5,0.9,314.0,134.08099429389134,-19.819458120335337,GDA94 / MGA zone 53,403754.0027977751,7808234.001265289
\\prod.lan\active\proj\futurex\StuartCorridor\Data\Processed\Geophysics\InductionGamma\From-Data-Original\Induction_and_Gamma_Results\West_Davenport\RN016933\RN016933_Induction_down.LAS,RN016933,628355,5,top of casing,,RN016933,628355,AUS,NT,388.01,10.0,m,Australian Height Datum,assumed,top of casing,ground level,0.25,m,,GPS observation,134.2039968,-20.9866771,5,0.25,388.01,134.20400515528482,-20.98666333169269,GDA94 / MGA zone 53,417263.00100179075,7679120.994084494
\\prod.lan\active\proj\futurex\StuartCorridor\Data\Processed\Geophysics\InductionGamma\From-Data-Original\Induction_and_Gamma_Results\Alice_Springs\RN017339\RN017339_Induction_down.LAS,RN017339,626660,3,unknown,,RN017339,626660,AUS,NT,507.0,10.0,m,Australian Height Datum,assumed,ground surface,ground level,0.0,m,,GPS observation,134.0491667,-23.84,3,0.0,507.0,134.04917499795584,-23.839986249163687,GDA94 / MGA zone 53,403167.5180260275,7363162.731486474
\\prod.lan\active\proj\futurex\StuartCorridor\Data\Processed\Geophysics\InductionGamma\From-Data-Original\Induction_and_Gamma_Results\TiTree\RN017350\RN017350_Induction_down.LAS,RN017350,628366,5,top of casing,,RN017350,628366,AUS,NT,583.0,10.0,m,Australian Height Datum,assumed,top of casing,ground level,775.0,mm,,GPS observation,133.5219132,-22.4358563,5,0.775,583.0,133.5219215823095,-22.43584252831579,GDA94 / MGA zone 53,347889.20720787876,7518179.649018902
\\prod.lan\active\proj\futurex\StuartCorridor\Data\Processed\Geophysics\InductionGamma\From-Data-Original\Induction_and_Gamma_Results\Alice_Springs\RN017393\RN017393_Induction_down.LAS,RN017393,628371,3,unknown,,RN017393,628371,AUS,NT,490.0,10.0,m,Australian Height Datum,assumed,ground surface,ground level,0.0,m,,GPS observation,134.1435752,-23.834008,3,0.0,490.0,134.14358348865755,-23.833994251171514,GDA94 / MGA zone 53,412778.5460653953,7363887.461755152
\\prod.lan\active\proj\futurex\StuartCorridor\Data\Processed\Geophysics\InductionGamma\From-Data-Original\Induction_and_Gamma_Results\Alice_Springs\RN017536\RN017536_Induction_Down_0_100m.las,RN017536,621381,5,top of casing,,RN017536,621381,AUS,NT,528.0,16.0,m,Australian Height Datum,assumed,top of casing,ground level,650.0,mm,,GPS observation,133.9653192,-23.9132821,5,0.65,528.0,133.96532750451962,-23.913268347899706,GDA94 / MGA zone 53,394687.2354927675,7354988.80676466
\\prod.lan\active\proj\futurex\StuartCorridor\Data\Processed\Geophysics\InductionGamma\From-Data-Original\Induction_and_Gamma_Results\Alice_Springs\RN017536\RN017536_Induction_Down_100_200m.las,RN017536,621381,5,top of casing,,RN017536,621381,AUS,NT,528.0,16.0,m,Australian Height Datum,assumed,top of casing,ground level,650.0,mm,,GPS observation,133.9653192,-23.9132821,5,0.65,528.0,133.96532750451962,-23.913268347899706,GDA94 / MGA zone 53,394687.2354927675,7354988.80676466
\\prod.lan\active\proj\futurex\StuartCorridor\Data\Processed\Geophysics\InductionGamma\From-Data-Original\Induction_and_Gamma_Results\Alice_Springs\RN017536\RN017536_Induction_Down_200_EOH.las,RN017536,621381,5,top of casing,,RN017536,621381,AUS,NT,528.0,16.0,m,Australian Height Datum,assumed,top of casing,ground level,650.0,mm,,GPS observation,133.9653192,-23.9132821,5,0.65,528.0,133.96532750451962,-23.913268347899706,GDA94 / MGA zone 53,394687.2354927675,7354988.80676466
\\prod.lan\active\proj\futurex\StuartCorridor\Data\Processed\Geophysics\InductionGamma\From-Data-Original\Induction_and_Gamma_Results\Alice_Springs\RN017537\RN017537_Induction_Up.las,RN017537,621380,5,top of casing,,RN017537,621380,AUS,NT,508.0,16.0,m,Australian Height Datum,assumed,top of casing,ground level,600.0,mm,,GPS observation,133.9956123,-23.9204637,5,0.6,508.0,133.99562060129304,-23.920449948594413,GDA94 / MGA zone 53,397776.4221606309,7354215.873503708
\\prod.lan\active\proj\futurex\StuartCorridor\Data\Processed\Geophysics\InductionGamma\From-Data-Original\Induction_and_Gamma_Results\West_Davenport\RN017585\RN017585_Induction_down.LAS,RN017585,628354,5,top of casing,,RN017585,628354,AUS,NT,382.18,10.0,m,Australian Height Datum,assumed,top of casing,ground level,0.31,m,,GPS observation,134.5014239,-21.1038121,5,0.31,382.18,134.5014322266519,-21.103798339276914,GDA94 / MGA zone 53,448219.00341467955,7666282.0015580505
\\prod.lan\active\proj\futurex\StuartCorridor\Data\Processed\Geophysics\InductionGamma\From-Data-Original\Induction_and_Gamma_Results\West_Davenport\RN017587\RN017587_Induction_Down.las,RN017587,621379,5,top of casing,,RN017587,621379,AUS,NT,379.0,10.0,m,Australian Height Datum,known,top of casing,ground level,760.0,mm,,GPS observation,134.5017284,-21.0731291,5,0.76,379.0,134.5017367274344,-21.073115339055803,GDA94 / MGA zone 53,448240.00239961996,7669678.003459296
\\prod.lan\active\proj\futurex\StuartCorridor\Data\Processed\Geophysics\InductionGamma\From-Data-Original\Induction_and_Gamma_Results\West_Davenport\RN017589\RN017589_Induction_Down.las,RN017589,628358,5,top of casing,,RN017589,628358,AUS,NT,377.97,10.0,m,Australian Height Datum,assumed,top of casing,ground level,0.59,m,,GPS observation,134.4679126,-21.0265941,5,0.59,377.97,134.46792093157046,-21.02658033792709,GDA94 / MGA zone 53,444709.99509397824,7674816.998234279
\\prod.lan\active\proj\futurex\StuartCorridor\Data\Processed\Geophysics\InductionGamma\From-Data-Original\Induction_and_Gamma_Results\West_Davenport\RN017591\RN017591_Induction_down.LAS,RN017591,628359,5,top of casing,,RN017591,628359,AUS,NT,381.73,10.0,m,Australian Height Datum,assumed,top of casing,ground level,875.0,mm,,GPS observation,134.4854294,-20.8711754,5,0.875,381.73,134.48543773413775,-20.87116163717468,GDA94 / MGA zone 53,446474.9953687122,7692023.994068868
\\prod.lan\active\proj\futurex\StuartCorridor\Data\Processed\Geophysics\InductionGamma\From-Data-Original\Induction_and_Gamma_Results\West_Davenport\RN017594\RN017594_Induction_Down.LAS,RN017594,628357,5,top of casing,,RN017594,628357,AUS,NT,378.8,10.0,m,Australian Height Datum,assumed,top of casing,ground level,0.44,m,,GPS observation,134.4682795,-21.0262519,5,0.44,378.8,134.4682878315478,-21.026238137933007,GDA94 / MGA zone 53,444747.9949323377,7674854.998781234
,RN018114,641190,3,unknown,,RN018114,641190,AUS,NT,380.0,10.0,m,Australian Height Datum,known,ground surface,ground level,0.0,m,,GPS observation,134.502397,-21.1036162,3,0.0,380.0,134.50240532657295,-21.10360243929807,GDA94 / MGA zone 53,448320.0014962821,7666303.9995767195
\\prod.lan\active\proj\futurex\StuartCorridor\Data\Processed\Geophysics\InductionGamma\From-Data-Original\Induction_and_Gamma_Results\TiTree\RN018133\RN018133_Induction_Down.LAS,RN018133,628367,10,top of casing protector,,RN018133,628367,AUS,NT,575.64,10.0,m,Australian Height Datum,assumed,top of casing protector,ground level,575.0,mm,,GPS observation,133.6372573,-22.5153127,10,0.575,575.64,133.6372656697523,-22.515298931127404,GDA94 / MGA zone 53,359841.00425280083,7509494.999915998
\\prod.lan\active\proj\futurex\StuartCorridor\Data\Processed\Geophysics\InductionGamma\From-Data-Original\Induction_and_Gamma_Results\Alice_Springs\RN018334\RN018334_Induction_down.las,RN018334,621377,5,top of casing,,RN018334,621377,AUS,NT,459.0,16.0,m,Australian Height Datum,assumed,top of casing,ground level,470.0,mm,Undoolya Station - Junction Bore,GPS observation,134.3060303,-23.8133601,5,0.47,459.0,134.30603857295256,-23.8133463546413,GDA94 / MGA zone 53,429312.9994905498,7366263.997170088
\\prod.lan\active\proj\futurex\StuartCorridor\Data\Processed\Geophysics\InductionGamma\From-Data-Original\Induction_and_Gamma_Results\West_Davenport\RN018402\RN018402_Induction_Down.LAS,RN018402,628356,10,top of casing protector,,RN018402,628356,AUS,NT,383.86,10.0,m,Australian Height Datum,assumed,top of casing protector,ground level,0.87,m,,GPS observation,134.086077,-20.9366105,10,0.87,383.86,134.086085366635,-20.936596728765632,GDA94 / MGA zone 53,404974.0013631689,7684596.993059604
\\prod.lan\active\proj\futurex\StuartCorridor\Data\Processed\Geophysics\InductionGamma\From-Data-Original\Induction_and_Gamma_Results\TiTree\RN018603\RN018603_Induction_down.LAS,RN018603,628369,10,top of casing protector,,RN018603,628369,AUS,NT,593.4,10.0,m,Australian Height Datum,assumed,top of casing protector,ground level,0.66,m,,GPS observation,133.3373239,-22.3096317,10,0.66,593.4,133.3373323021966,-22.309617923944437,GDA94 / MGA zone 53,328734.9996274625,7531956.994129177
\\prod.lan\active\proj\futurex\StuartCorridor\Data\Processed\Geophysics\InductionGamma\From-Data-Original\Induction_and_Gamma_Results\TiTree\RN018612\RN018612_Induction_down.LAS,RN018612,628364,10,top of casing protector,,RN018612,628364,AUS,NT,586.0,10.0,m,Australian Height Datum,assumed,top of casing protector,ground level,0.79,m,,GPS observation,133.7281347,-22.5652556,10,0.79,586.0,133.72814306008877,-22.56524183329188,GDA94 / MGA zone 53,369235.99560424837,7504047.999530192
\\prod.lan\active\proj\futurex\StuartCorridor\Data\Processed\Geophysics\InductionGamma\From-Data-Original\Induction_and_Gamma_Results\TiTree\RN018892\RN018892_Induction_Down.LAS,RN018892,628370,10,top of casing protector,,RN018892,628370,AUS,NT,573.13,10.0,m,Australian Height Datum,assumed,top of casing protector,ground level,0.93,m,,GPS observation,133.5169736,-22.282896,10,0.93,573.13,133.51698198614727,-22.282882227112015,GDA94 / MGA zone 53,347213.9966545698,7535109.99959241
\\prod.lan\active\proj\futurex\StuartCorridor\Data\Processed\Geophysics\InductionGamma\From-Data-Original\Induction_and_Gamma_Results\TiTree\RN018912\RN018912_Induction_down.LAS,RN018912,628363,10,top of casing protector,,RN018912,628363,AUS,NT,630.88,10.0,m,Australian Height Datum,assumed,top of casing protector,ground level,0.9,m,,GPS observation,133.9365972,-22.7414811,10,0.9,630.88,133.93660553625398,-22.74146733884117,GDA94 / MGA zone 53,390810.00350101653,7484706.00165414
\\prod.lan\active\proj\futurex\StuartCorridor\Data\Processed\Geophysics\InductionGamma\From-Data-Original\Induction_and_Gamma_Results\TiTree\RN018921\RN018921_Induction_down.LAS,RN018921,628365,3,unknown,,RN018921,628365,AUS,NT,576.36,6.0,m,Australian Height Datum,assumed,ground surface,ground level,0.0,m,,GPS differential observation,133.6585369,-22.5385597,3,0.0,576.36,133.6585452672294,-22.538545931714772,GDA94 / MGA zone 53,362053.00308832596,7506940.998459999
\\prod.lan\active\proj\futurex\StuartCorridor\Data\Processed\Geophysics\InductionGamma\From-Data-Original\Induction_and_Gamma_Results\TiTree\RN018925\RN018925_Induction_down.LAS,RN018925,628368,3,unknown,,RN018925,628368,AUS,NT,486.93,10.0,m,Australian Height Datum,assumed,ground surface,ground level,0.0,m,,GPS observation,133.768926,-21.8915535,3,0.0,486.93,133.7689343719413,-21.891539729204258,GDA94 / MGA zone 53,372824.00040282845,7578667.001139525
\\prod.lan\active\proj\futurex\StuartCorridor\Data\Processed\Geophysics\InductionGamma\From-Data-Original\Induction_and_Gamma_Results\West_Davenport\RN019114\RN019114_Induction_Up_3.LAS,RN019114,628360,10,top of casing protector,,RN019114,628360,AUS,NT,442.38,10.0,m,Australian Height Datum,assumed,top of casing protector,ground level,0.52,m,,GPS observation,133.451776,-21.4447657,10,0.52,442.38,133.45178441023793,-21.44475191977117,GDA94 / MGA zone 53,339562.0051542972,7627834.996693166
\\prod.lan\active\proj\futurex\StuartCorridor\Data\Processed\Geophysics\InductionGamma\From-Data-Original\Induction_and_Gamma_Results\West_Davenport\RN019115\RN019115_Induction_down.LAS,RN019115,628361,3,unknown,,RN019115,628361,AUS,NT,459.12,10.0,m,Australian Height Datum,assumed,ground surface,ground level,0.0,m,,GPS observation,133.5139535,-21.5820869,3,0.0,459.12,133.51396190176385,-21.582073121949215,GDA94 / MGA zone 53,346150.9973603083,7612694.996400841
\\prod.lan\active\proj\futurex\StuartCorridor\Data\Processed\Geophysics\InductionGamma\From-Data-Original\Induction_and_Gamma_Results\West_Davenport\RN019136\RN019136_Induction_Down.LAS,RN019136,628362,3,unknown,,RN019136,628362,AUS,NT,427.92,10.0,m,Australian Height Datum,assumed,ground surface,ground level,0.0,m,,GPS observation,133.4448523,-21.3221357,3,0.0,427.92,133.44486071346415,-21.322121918743996,GDA94 / MGA zone 53,338710.0049519845,7641403.999298591
\\prod.lan\active\proj\futurex\StuartCorridor\Data\Processed\Geophysics\InductionGamma\From-Data-Original\Induction_and_Gamma_Results\Tennant_Creek\RN019364\RN019364_Ind_Down.las,RN019364,641189,5,top of casing,,RN019364,641189,AUS,NT,332.0,10.0,m,Australian Height Datum,known,top of casing,ground level,735.0,mm,,GPS observation,134.1607983,-19.8739098,5,0.735,332.0,134.16080668616624,-19.873896022456524,GDA94 / MGA zone 53,412142.9968859926,7802252.9955047285
\\prod.lan\active\proj\futurex\StuartCorridor\Data\Processed\Geophysics\InductionGamma\From-Data-Original\Induction_and_Gamma_Results\Alice_Springs\RN019387\RN019387_ind_down.LAS,RN019387,636218,5,top of casing,,RN019387,636218,AUS,NT,516.55,6.0,m,GPS ellipsoid,known,top of casing,ground level,0.58,m,,GPS observation,134.0164932,-23.8825783,5,0.58,,134.01650150015172,-23.88256454876835,GDA94 / MGA zone 53,399872.5831927009,7358425.629681027
\\prod.lan\active\proj\futurex\StuartCorridor\Data\Processed\Geophysics\InductionGamma\From-Data-Original\Induction_and_Gamma_Results\TiTree\RN019449_SSC18-03\RN019449_ind_down.LAS,RN019449,636124,5,top of casing,,RN019449,636124,AUS,NT,599.77606,10.0,m,Australian Height Datum,assumed,top of casing,ground level,695.0,mm,SSC18-03,GPS observation,133.917145,-22.621093,5,0.695,599.77606,133.91715334101028,-22.6210792375602,GDA94 / MGA zone 53,388715.3462763956,7498019.615964977
\\prod.lan\active\proj\futurex\StuartCorridor\Data\Processed\Geophysics\InductionGamma\From-Data-Original\Induction_and_Gamma_Results\West_Davenport\RN019450_SSC18-38\RN019450_ind_down.LAS,RN019450,636118,10,top of casing protector,,RN019450,636118,AUS,NT,403.32,0.05,m,Australian Height Datum,known,top of casing protector,ground level,1.05,m,SSC18-38,GPS observation,134.11146,-21.06237,10,1.05,403.32,134.11146836138843,-21.06235623024232,GDA94 / MGA zone 53,407690.7457011517,7670692.429301243
\\prod.lan\active\proj\futurex\StuartCorridor\Data\Processed\Geophysics\InductionGamma\From-Data-Original\Induction_and_Gamma_Results\West_Davenport\RN019451_SSC18-35\RN019451_ind_down.LAS,RN019451,636122,10,top of casing protector,,RN019451,636122,AUS,NT,385.96,0.05,m,Australian Height Datum,known,top of casing protector,ground level,0.94,m,SSC18-35,GPS observation,134.0938296,-20.969927,10,0.94,385.96,134.09383796516047,-20.969913229178673,GDA94 / MGA zone 53,405800.9935647799,7680914.015052896
\\prod.lan\active\proj\futurex\StuartCorridor\Data\Processed\Geophysics\InductionGamma\From-Data-Original\Induction_and_Gamma_Results\West_Davenport\RN019452_SSC18-17a\RN019452_ind_down.LAS,RN019452,636119,5,top of casing,,RN019452,636119,AUS,NT,377.428,0.05,m,Australian Height Datum,known,top of casing,ground level,0.72,m,SSC18-17a,GPS observation,133.987768,-20.880439,5,0.72,377.428,133.9877763763983,-20.880425226264865,GDA94 / MGA zone 53,394712.2690193183,7690752.901879514
\\prod.lan\active\proj\futurex\StuartCorridor\Data\Processed\Geophysics\InductionGamma\From-Data-Original\Induction_and_Gamma_Results\West_Davenport\RN019453_SSC18-39\RN019453_ind_down.LAS,RN019453,636117,10,top of casing protector,,RN019453,636117,AUS,NT,363.468,0.05,m,Australian Height Datum,known,top of casing protector,ground level,935.0,mm,SSC18-39,GPS observation,134.086974,-20.826932,10,0.935,363.468,134.08698236921774,-20.826918227971664,GDA94 / MGA zone 53,404998.31600783963,7696736.934162036
\\prod.lan\active\proj\futurex\StuartCorridor\Data\Processed\Geophysics\InductionGamma\From-Data-Original\Induction_and_Gamma_Results\West_Davenport\RN019454_SSC18-16\RN019454_ind_down.LAS,RN019454,636116,10,top of casing protector,,RN019454,636116,AUS,NT,349.156,0.05,m,Australian Height Datum,known,top of casing protector,ground level,1105.0,mm,SSC18-16,GPS observation,134.165921,-20.725158,10,1.105,349.156,134.165929364996,-20.725144228919486,GDA94 / MGA zone 53,413155.1536953446,7708045.681564556
\\prod.lan\active\proj\futurex\StuartCorridor\Data\Processed\Geophysics\InductionGamma\From-Data-Original\Induction_and_Gamma_Results\West_Davenport\RN019455_SSC18-23\RN019455_ind_down.LAS,RN019455,636303,5,top of casing,,RN019455,636303,AUS,NT,406.255,0.05,m,Australian Height Datum,known,top of casing,ground level,765.0,mm,SSC18-23,GPS observation,133.9267477,-20.9605548,5,0.765,406.255,133.92675607973226,-20.960541025584583,GDA94 / MGA zone 53,388423.99516482506,7681844.003640301
\\prod.lan\active\proj\futurex\StuartCorridor\Data\Processed\Geophysics\InductionGamma\From-Data-Original\Induction_and_Gamma_Results\West_Davenport\RN019456_SSC18-60\RN019456_ind_down.LAS,RN019456,636219,5,top of casing,,RN019456,636219,AUS,NT,397.54,3.0,m,GPS ellipsoid,known,top of casing,ground level,825.0,mm,SSC18-60,GPS observation,134.0092491,-20.9908302,5,0.825,,134.00925747192488,-20.99081642753403,GDA94 / MGA zone 53,397022.3062890694,7678548.250334106
\\prod.lan\active\proj\futurex\StuartCorridor\Data\Processed\Geophysics\InductionGamma\From-Data-Original\Induction_and_Gamma_Results\West_Davenport\RN019457_SSC18-62\RN019457_ind_down.LAS,RN019457,636220,5,top of casing,,RN019457,636220,AUS,NT,372.778,0.05,m,Australian Height Datum,known,top of casing,ground level,805.0,mm,SSC18-62,GPS observation,134.0505936,-20.8856712,5,0.805,372.778,134.0506019709035,-20.88565742763092,GDA94 / MGA zone 53,401250.9848789977,7690213.666392408
\\prod.lan\active\proj\futurex\StuartCorridor\Data\Processed\Geophysics\InductionGamma\From-Data-Original\Induction_and_Gamma_Results\Alice_Springs\RN019673\RN019673_ind_down.LAS,RN019673,637299,5,top of casing,,RN019673,637299,AUS,NT,507.0,10.0,m,Australian Height Datum,known,top of casing,ground level,1.08,m,,GPS observation,134.0472729,-23.8659969,5,1.08,507.0,134.04728119748432,-23.865983149309574,GDA94 / MGA zone 53,402993.99944619887,7360283.003153324
\\prod.lan\active\proj\futurex\StuartCorridor\Data\Processed\Geophysics\InductionGamma\From-Data-Original\Induction_and_Gamma_Results\Alice_Springs\RN019673\RN019673_ind_up.LAS,RN019673,637299,5,top of casing,,RN019673,637299,AUS,NT,507.0,10.0,m,Australian Height Datum,known,top of casing,ground level,1.08,m,,GPS observation,134.0472729,-23.8659969,5,1.08,507.0,134.04728119748432,-23.865983149309574,GDA94 / MGA zone 53,402993.99944619887,7360283.003153324
\\prod.lan\active\proj\futurex\StuartCorridor\Data\Processed\Geophysics\InductionGamma\From-Data-Original\Induction_and_Gamma_Results\Alice_Springs\RN019674_SSC18-40\RN019674_ind_down.LAS,RN019674,636300,5,top of casing,,RN019674,636300,AUS,NT,543.0,10.0,m,Australian Height Datum,known,top of casing,ground level,0.85,m,SSC18-40,GPS observation,133.8580865,-23.8350876,5,0.85,543.0,133.8580948172167,-23.835073845094538,GDA94 / MGA zone 53,383702.0045711592,7363562.996003078
\\prod.lan\active\proj\futurex\StuartCorridor\Data\Processed\Geophysics\InductionGamma\From-Data-Original\Induction_and_Gamma_Results\Alice_Springs\RN019676_SSC18-41\RN019676_ind_down.LAS,RN019676,636120,10,top of casing protector,,RN019676,636120,AUS,NT,509.0,10.0,m,Australian Height Datum,assumed,top of casing protector,ground level,0.72,m,SSC18-41,GPS observation,134.1415905,-23.861789,10,0.72,509.0,134.1415987881365,-23.8617752513277,GDA94 / MGA zone 53,412595.04014504637,7360810.322895847
\\prod.lan\active\proj\futurex\StuartCorridor\Data\Processed\Geophysics\InductionGamma\From-Data-Original\Induction_and_Gamma_Results\Alice_Springs\RN019678\RN019678_ind_down.LAS,RN019678,636301,5,top of casing,,RN019678,636301,AUS,NT,505.0,10.0,m,Australian Height Datum,known,top of casing,ground level,875.0,mm,,GPS observation,134.0731946,-23.8667061,5,0.875,505.0,134.07320289486688,-23.866692349873826,GDA94 / MGA zone 53,405634.000703935,7360221.9971113615
\\prod.lan\active\proj\futurex\StuartCorridor\Data\Processed\Geophysics\InductionGamma\From-Data-Original\Induction_and_Gamma_Results\West_Davenport\RN019680_SSC18-54\RN019680_ind_down.LAS,RN019680,641106,5,top of casing,,RN019680,641106,AUS,NT,396.757,0.05,m,Australian Height Datum,known,top of casing,ground level,0.69,m,SSC18-54,GPS observation,134.535764,-21.320953,5,0.69,396.757,134.5357723179113,-21.32093924169031,GDA94 / MGA zone 53,451856.0074335304,7642260.024974303
\\prod.lan\active\proj\futurex\StuartCorridor\Data\Processed\Geophysics\InductionGamma\From-Data-Original\Induction_and_Gamma_Results\Daly_River\RN020614\RN020614_Induction_Down.LAS,RN020614,636291,5,top of casing,,RN020614,636291,AUS,NT,43.8,10.0,m,Australian Height Datum,known,top of casing,ground level,0.81,m,,GPS observation,131.189249,-13.835771,5,0.81,43.8,131.18925768209718,-13.835757132615493,GDA94 / MGA zone 52,736636.9737465885,8469354.970575318
\\prod.lan\active\proj\futurex\StuartCorridor\Data\Processed\Geophysics\InductionGamma\From-Data-Original\Induction_and_Gamma_Results\Howard_East\RN020967\RN020967_Induction_Down.LAS,RN020967,636298,5,top of casing,,RN020967,636298,AUS,NT,31.9,10.0,m,Australian Height Datum,known,top of casing,ground level,0.6,m,,GPS observation,131.1781105,-12.5254228,5,0.6,31.9,131.17811919374998,-12.525408922634341,GDA94 / MGA zone 52,736690.0052245504,8614368.999320796
\\prod.lan\active\proj\futurex\StuartCorridor\Data\Processed\Geophysics\InductionGamma\From-Data-Original\Induction_and_Gamma_Results\Howard_East\RN021012\RN021012_Induction_Down.LAS,RN021012,636276,10,top of casing protector,,RN021012,636276,AUS,NT,32.4,10.0,m,Australian Height Datum,known,top of casing protector,ground level,0.79,m,,GPS observation,131.1228405,-12.4988703,10,0.79,32.4,131.12284919656392,-12.498856421995814,GDA94 / MGA zone 52,730705.0022866079,8617356.004063915
\\prod.lan\active\proj\futurex\StuartCorridor\Data\Processed\Geophysics\InductionGamma\From-Data-Original\Induction_and_Gamma_Results\Howard_East\RN021396\RN021396_Induction_Down.LAS,RN021396,636271,3,unknown,,RN021396,636271,AUS,NT,29.1,10.0,m,Australian Height Datum,known,ground surface,ground level,0.0,m,,GPS observation,131.1627628,-12.431822,3,0.0,29.1,131.162771495244,-12.43180812180275,GDA94 / MGA zone 52,735106.0001288821,8624740.000586633
\\prod.lan\active\proj\futurex\StuartCorridor\Data\Processed\Geophysics\InductionGamma\From-Data-Original\Induction_and_Gamma_Results\Daly_River\RN021717\RN021717_Induction_Down.LAS,RN021717,636288,10,top of casing protector,,RN021717,636288,AUS,NT,74.7,10.0,m,Australian Height Datum,known,top of casing protector,ground level,0.53,m,,GPS observation,131.3058818,-13.9737672,10,0.53,74.7,131.30589047466023,-13.973753334643396,GDA94 / MGA zone 52,749101.9997808094,8453964.002708806
\\prod.lan\active\proj\futurex\StuartCorridor\Data\Processed\Geophysics\InductionGamma\From-Data-Original\Induction_and_Gamma_Results\Howard_East\RN021762\RN021762_Induction_Down.LAS,RN021762,636261,10,top of casing protector,,RN021762,636261,AUS,NT,23.0,10.0,m,Australian Height Datum,known,top of casing protector,ground level,0.69,m,,GPS observation,131.1080736,-12.45285,10,0.69,23.0,131.1080822976251,-12.45283612153297,GDA94 / MGA zone 52,729140.0017186208,8622460.994993558
\\prod.lan\active\proj\futurex\StuartCorridor\Data\Processed\Geophysics\InductionGamma\From-Data-Original\Induction_and_Gamma_Results\Howard_East\RN021765\RN021765_Induction_Down.LAS,RN021765,636275,10,top of casing protector,,RN021765,636275,AUS,NT,30.5,10.0,m,Australian Height Datum,known,top of casing protector,ground level,0.77,m,,GPS observation,131.1281147,-12.4824891,10,0.77,30.5,131.1281233964491,-12.482475221913019,GDA94 / MGA zone 52,731292.9973764354,8619164.00460546
\\prod.lan\active\proj\futurex\StuartCorridor\Data\Processed\Geophysics\InductionGamma\From-Data-Original\Induction_and_Gamma_Results\Howard_East\RN021768\RN021768_Induction_Down.LAS,RN021768,636268,10,top of casing protector,,RN021768,636268,AUS,NT,23.8,10.0,m,Australian Height Datum,known,top of casing protector,ground level,0.64,m,,GPS observation,131.124955,-12.448207,10,0.64,23.8,131.12496369687406,-12.448193121628876,GDA94 / MGA zone 52,730979.8243559327,8622960.11883648
\\prod.lan\active\proj\futurex\StuartCorridor\Data\Processed\Geophysics\InductionGamma\From-Data-Original\Induction_and_Gamma_Results\Howard_East\RN021769\RN021769_Induction_Down.LAS,RN021769,636262,5,top of casing,,RN021769,636262,AUS,NT,19.6,10.0,m,Australian Height Datum,known,top of casing,ground level,0.93,m,,GPS observation,131.1115706,-12.4486112,5,0.93,19.6,131.11157929749572,-12.448597321527938,GDA94 / MGA zone 52,729523.9985229126,8622926.998448472
\\prod.lan\active\proj\futurex\StuartCorridor\Data\Processed\Geophysics\InductionGamma\From-Data-Original\Induction_and_Gamma_Results\Howard_East\RN022060\RN022060_Induction_Down.LAS,RN022060,636259,10,top of casing protector,,RN022060,636259,AUS,NT,20.2,10.0,m,Australian Height Datum,known,top of casing protector,ground level,0.46,m,,GPS observation,131.1112854,-12.4485953,10,0.46,20.2,131.1112940975092,-12.448581421525612,GDA94 / MGA zone 52,729492.9989486915,8622929.004267048
\\prod.lan\active\proj\futurex\StuartCorridor\Data\Processed\Geophysics\InductionGamma\From-Data-Original\Induction_and_Gamma_Results\Howard_East\RN022063\RN022063_Induction_Down.LAS,RN022063,636260,10,top of casing protector,,RN022063,636260,AUS,NT,23.0,10.0,m,Australian Height Datum,known,top of casing protector,ground level,0.38,m,,GPS observation,131.1080194,-12.4518291,10,0.38,23.0,131.10802809763578,-12.451815221524829,GDA94 / MGA zone 52,729135.0045285649,8622574.004406847
\\prod.lan\active\proj\futurex\StuartCorridor\Data\Processed\Geophysics\InductionGamma\From-Data-Original\Induction_and_Gamma_Results\Howard_East\RN022065\RN022065_Induction_Down.LAS,RN022065,636267,10,top of casing protector,,RN022065,636267,AUS,NT,16.7,10.0,m,Australian Height Datum,known,top of casing protector,ground level,0.61,m,,GPS observation,131.107896,-12.442466,10,0.61,16.7,131.10790469771646,-12.442452121453018,GDA94 / MGA zone 52,729129.8048888736,8623610.137931598
\\prod.lan\active\proj\futurex\StuartCorridor\Data\Processed\Geophysics\InductionGamma\From-Data-Original\Induction_and_Gamma_Results\Howard_East\RN022069\RN022069_Induction_Down.LAS,RN022069,641134,3,unknown,,RN022069,641134,AUS,NT,30.19494,10.0,m,Australian Height Datum,known,ground surface,ground level,0.0,m,70031182,GPS observation,131.128141,-12.4823263,3,0.0,30.19494,131.1281496964492,-12.48231242191199,GDA94 / MGA zone 52,731296.0016644053,8619181.995713154
\\prod.lan\active\proj\futurex\StuartCorridor\Data\Processed\Geophysics\InductionGamma\From-Data-Original\Induction_and_Gamma_Results\Daly_River\RN022394\RN022394_Induction_Down.LAS,RN022394,636284,5,top of casing,,RN022394,636284,AUS,NT,111.1,10.0,m,Australian Height Datum,known,top of casing,ground level,0.45,m,,GPS observation,132.2957755,-14.5039366,5,0.45,111.1,132.29578411444675,-14.50392274945808,GDA94 / MGA zone 53,208520.9947968917,8394815.994202588
\\prod.lan\active\proj\futurex\StuartCorridor\Data\Processed\Geophysics\InductionGamma\From-Data-Original\Induction_and_Gamma_Results\Howard_East\RN024402\RN024402_Induction_Down.LAS,RN024402,636258,10,top of casing protector,,RN024402,636258,AUS,NT,20.6,10.0,m,Australian Height Datum,known,top of casing protector,ground level,0.74,m,,GPS observation,131.1628118,-12.4099335,10,0.74,20.6,131.16282049542204,-12.409919621637354,GDA94 / MGA zone 52,735131.0038255828,8627161.99483056
\\prod.lan\active\proj\futurex\StuartCorridor\Data\Processed\Geophysics\InductionGamma\From-Data-Original\Induction_and_Gamma_Results\Daly_River\RN025285\RN025285_Induction_Down.LAS,RN025285,636255,3,unknown,,RN025285,636255,AUS,NT,51.0,10.0,m,Australian Height Datum,known,ground surface,ground level,0.0,m,,GPS observation,131.2747918,-14.0889758,3,0.0,51.0,131.27480047528417,-14.08896193524053,GDA94 / MGA zone 52,745618.9969245091,8441245.99730598
\\prod.lan\active\proj\futurex\StuartCorridor\Data\Processed\Geophysics\InductionGamma\From-Data-Original\Induction_and_Gamma_Results\Daly_River\RN025288\RN025288_Induction_Down.LAS,RN025288,628383,10,top of casing protector,,RN025288,628383,AUS,NT,118.0,10.0,m,Australian Height Datum,assumed,top of casing protector,ground level,0.73,m,,"State or NT agency supplied location, method unknown",131.3792053,-14.0106819,10,0.73,118.0,131.37921397038318,-14.010668035574232,GDA94 / MGA zone 52,756986.0032567559,8449800.004514482
\\prod.lan\active\proj\futurex\StuartCorridor\Data\Processed\Geophysics\InductionGamma\From-Data-Original\Induction_and_Gamma_Results\Howard_East\RN025420\RN025420_Induction_Down.LAS,RN025420,636270,10,top of casing protector,,RN025420,636270,AUS,NT,6.9,10.0,m,Australian Height Datum,known,top of casing protector,ground level,555.0,mm,,GPS observation,131.1029145,-12.4105493,10,0.555,6.9,131.10292319820337,-12.410535421173062,GDA94 / MGA zone 52,728615.9948368357,8627145.996772204
\\prod.lan\active\proj\futurex\StuartCorridor\Data\Processed\Geophysics\InductionGamma\From-Data-Original\Induction_and_Gamma_Results\Howard_East\RN025423\RN025423_Induction_Down.LAS,RN025423,636264,10,top of casing protector,,RN025423,636264,AUS,NT,24.3,10.0,m,Australian Height Datum,known,top of casing protector,ground level,475.0,mm,,GPS observation,131.1627733,-12.4086143,10,0.475,24.3,131.16278199543473,-12.40860042162706,GDA94 / MGA zone 52,735128.0011328985,8627308.002708223
\\prod.lan\active\proj\futurex\StuartCorridor\Data\Processed\Geophysics\InductionGamma\From-Data-Original\Induction_and_Gamma_Results\Daly_River\RN028782\RN028782_Conductivity_Down.LAS,RN028782,636286,5,top of casing,,RN028782,636286,AUS,NT,149.9,10.0,m,Australian Height Datum,known,top of casing,ground level,0.4,m,,GPS observation,132.4000499,-14.5013121,5,0.4,149.9,132.40005850866493,-14.501298250825634,GDA94 / MGA zone 53,219763.99992743088,8395236.995077424
\\prod.lan\active\proj\futurex\StuartCorridor\Data\Processed\Geophysics\InductionGamma\From-Data-Original\Induction_and_Gamma_Results\Howard_East\RN029425\RN029425_Induction_Down.LAS,RN029425,636274,10,top of casing protector,,RN029425,636274,AUS,NT,34.6,10.0,m,Australian Height Datum,known,top of casing protector,ground level,1.28,m,,GPS observation,131.1649191,-12.5010477,10,1.28,34.6,131.16492779457184,-12.501033822344152,GDA94 / MGA zone 52,735277.9952274363,8617078.000251155
\\prod.lan\active\proj\futurex\StuartCorridor\Data\Processed\Geophysics\InductionGamma\From-Data-Original\Induction_and_Gamma_Results\Daly_River\RN029430\RN029430_Induction_Down.LAS,RN029430,636285,5,top of casing,,RN029430,636285,AUS,NT,137.9,10.0,m,Australian Height Datum,known,top of casing,ground level,0.8,m,,GPS observation,132.3511721,-14.550023,5,0.8,137.9,132.35118071070798,-14.550009150540207,GDA94 / MGA zone 53,214554.9961179241,8389783.998481661
\\prod.lan\active\proj\futurex\East_Kimberley\Data\Original\Geophysics\Induction_gamma\2017_tfd_files_GA_ALT_system\RN029653\RN029653_induction_down.las,RN029653,626988,10,top of casing protector,/home/nsymington/Documents/GA/inductionGamma/EK/2017_tfd_files_GA_ALT_system/RN029653/RN029653_induction_down.las,RN029653,626988,AUS,NT,47.9,0.1,m,GPS ellipsoid,known,top of casing protector,ground level,400.0,mm,,GPS differential observation,129.1306419,-15.3631692,10,0.4,,129.13065069234588,-15.363155335977737,GDA94 / MGA zone 52,514021.0049897594,8301501.002593558
\\prod.lan\active\proj\futurex\East_Kimberley\Data\Original\Geophysics\Induction_gamma\2017_tfd_files_GA_ALT_system\RN029656\RN029656_induction_down.las,RN029656,626989,5,top of casing,/home/nsymington/Documents/GA/inductionGamma/EK/2017_tfd_files_GA_ALT_system/RN029656/RN029656_induction_down.las,RN029656,626989,AUS,NT,17.65,0.1,m,Australian Height Datum,known,top of casing,ground level,0.5,m,,GPS differential observation,129.0451596,-15.4366151,5,0.5,17.65,129.04516839756002,-15.43660123656991,GDA94 / MGA zone 52,504845.00319444935,8293380.998708293
\\prod.lan\active\proj\futurex\East_Kimberley\Data\Original\Geophysics\Induction_gamma\2017_tfd_files_GA_ALT_system\RN029662\RN029662_induction_down.las,RN029662,626991,10,top of casing protector,/home/nsymington/Documents/GA/inductionGamma/EK/2017_tfd_files_GA_ALT_system/RN029662/RN029662_induction_down.las,RN029662,626991,AUS,NT,18.952,0.1,m,Australian Height Datum,known,top of casing protector,ground level,420.0,mm,,digital elevation model,129.0055006,-15.4845452,10,0.42,18.952,129.00550940001438,-15.484531336954875,GDA94 / MGA zone 52,500590.0029031725,8288080.000620842
\\prod.lan\active\proj\futurex\East_Kimberley\Data\Original\Geophysics\Induction_gamma\2017_tfd_files_GA_ALT_system\RN029665\RN029665_induction_down.las,RN029665,626987,10,top of casing protector,/home/nsymington/Documents/GA/inductionGamma/EK/2017_tfd_files_GA_ALT_system/RN029665/RN029665_induction_down.las,RN029665,626987,AUS,NT,47.0,0.1,m,GPS ellipsoid,known,top of casing protector,ground level,400.0,mm,,GPS differential observation,129.1198192,-15.354496,10,0.4,,129.11982799299176,-15.354482135920978,GDA94 / MGA zone 52,512859.9998889533,8302461.001923683
\\prod.lan\active\proj\futurex\East_Kimberley\Data\Original\Geophysics\Induction_gamma\2017_tfd_files_GA_ALT_system\RN029666\RN029666_induction_down.las,RN029666,626990,10,top of casing protector,/home/nsymington/Documents/GA/inductionGamma/EK/2017_tfd_files_GA_ALT_system/RN029666/RN029666_induction_down.las,RN029666,626990,AUS,NT,44.5,0.1,m,GPS ellipsoid,known,top of casing protector,ground level,340.0,mm,,GPS differential observation,129.169482,-15.3110041,10,0.34,,129.16949078998854,-15.310990235582446,GDA94 / MGA zone 52,518194.00163293566,8307267.995731037
\\prod.lan\active\proj\futurex\East_Kimberley\Data\Original\Geophysics\Induction_gamma\2017_tfd_files_GA_ALT_system\RN029933\RN029933_induction_down.las,RN029933,636182,5,top of casing,/home/nsymington/Documents/GA/inductionGamma/EK/2017_tfd_files_GA_ALT_system/RN029933/RN029933_induction_down.las,RN029933,636182,AUS,NT,7.859,0.1,m,Australian Height Datum,known,top of casing,ground level,0.73,m,,digital elevation model,129.3116428,-15.1997411,5,0.73,7.859,129.3116515814985,-15.199727234765504,GDA94 / MGA zone 52,533472.7685654343,8319557.692940696
\\prod.lan\active\proj\futurex\East_Kimberley\Data\Original\Geophysics\Induction_gamma\2017_tfd_files_GA_ALT_system\RN029945\RN029945_induction_down.las,RN029945,636183,10,top of casing protector,/home/nsymington/Documents/GA/inductionGamma/EK/2017_tfd_files_GA_ALT_system/RN029945/RN029945_induction_down.las,RN029945,636183,AUS,NT,15.678,0.1,m,Australian Height Datum,known,top of casing protector,ground level,0.59,m,,digital elevation model,129.1897616,-15.4055837,10,0.59,15.678,129.18977038880104,-15.405569836261092,GDA94 / MGA zone 52,520361.85969073296,8296804.888321665
\\prod.lan\active\proj\futurex\East_Kimberley\Data\Original\Geophysics\Induction_gamma\2017_tfd_files_GA_ALT_system\RN030826\RN030826_induction_down_relogged.las,RN030826,626992,10,top of casing protector,/home/nsymington/Documents/GA/inductionGamma/EK/2017_tfd_files_GA_ALT_system/RN030826/RN030826_induction_down_relogged.las,RN030826,626992,AUS,NT,28.793,0.1,m,Australian Height Datum,known,top of casing protector,ground level,545.0,mm,,digital elevation model,129.0176497,-15.6088464,10,0.545,28.793,129.01765849940887,-15.608832537839508,GDA94 / MGA zone 52,501891.999111312,8274330.995716752
\\prod.lan\active\proj\futurex\East_Kimberley\Data\Original\Geophysics\Induction_gamma\2017_tfd_files_GA_ALT_system\RN030884\RN030884_induction_down.las,RN030884,636184,5,top of casing,/home/nsymington/Documents/GA/inductionGamma/EK/2017_tfd_files_GA_ALT_system/RN030884/RN030884_induction_down.las,RN030884,636184,AUS,WA,28.569,0.1,m,Australian Height Datum,known,top of casing,ground level,0.39,m,,digital elevation model,128.9971667,-15.6099527,5,0.39,28.569,128.99717550066612,-15.609938837868773,GDA94 / MGA zone 52,499696.27969466837,8274208.70375977
\\prod.lan\active\proj\futurex\East_Kimberley\Data\Original\Geophysics\Induction_gamma\2016_las_files_DGRT_system\RN030885\RN030885_conductivity_down.las,RN030885,636185,5,top of casing,/home/nsymington/Documents/GA/inductionGamma/EK/2016_las_files_DGRT_system/RN030885/RN030885_conductivity_down.las,RN030885,636185,AUS,WA,28.772,0.1,m,Australian Height Datum,known,top of casing,ground level,0.43,m,,digital elevation model,128.9974353,-15.6102655,5,0.43,28.772,128.99744410065,-15.61025163787074,GDA94 / MGA zone 52,499725.0731351221,8274174.105172338
\\prod.lan\active\proj\futurex\StuartCorridor\Data\Processed\Geophysics\InductionGamma\From-Data-Original\Induction_and_Gamma_Results\Howard_East\RN031977\RN031977_Induction_Down.LAS,RN031977,636272,10,top of casing protector,,RN031977,636272,AUS,NT,11.7,10.0,m,Australian Height Datum,known,top of casing protector,ground level,255.0,mm,,GPS observation,131.2114842,-12.4173578,10,0.255,11.7,131.21149289309557,-12.417343922086152,GDA94 / MGA zone 52,740418.0000235941,8626296.99706585
\\prod.lan\active\proj\futurex\StuartCorridor\Data\Processed\Geophysics\InductionGamma\From-Data-Original\Induction_and_Gamma_Results\Daly_River\RN032750\RN032750_Induction_Down.LAS,RN032750,636295,5,top of casing,,RN032750,636295,AUS,NT,125.1,10.0,m,Australian Height Datum,known,top of casing,ground level,0.6,m,,GPS observation,131.815206,-14.510977,5,0.6,125.1,131.8152146412065,-14.510963143724554,GDA94 / MGA zone 52,803440.0284686665,8393891.983726725
\\prod.lan\active\proj\futurex\StuartCorridor\Data\Processed\Geophysics\InductionGamma\From-Data-Original\Induction_and_Gamma_Results\Daly_River\RN033033\RN033033_Induction_Down.LAS,RN033033,636287,5,top of casing,,RN033033,636287,AUS,NT,68.0,10.0,m,Australian Height Datum,known,top of casing,ground level,425.0,mm,,GPS observation,131.3950231,-14.1336541,5,0.425,68.0,131.3950317683543,-14.133640236644686,GDA94 / MGA zone 52,758557.0019795464,8436172.002028316
\\prod.lan\active\proj\futurex\StuartCorridor\Data\Processed\Geophysics\InductionGamma\From-Data-Original\Induction_and_Gamma_Results\Daly_River\RN033035\RN033035_Induction_Down.LAS,RN033035,628382,5,top of casing,,RN033035,628382,AUS,NT,85.0,10.0,m,Australian Height Datum,assumed,top of casing,ground level,0.39,m,,"State or NT agency supplied location, method unknown",131.4194086,-14.0721722,5,0.39,85.0,131.41941726762786,-14.072158336405645,GDA94 / MGA zone 52,761261.0031484098,8442949.996235613
\\prod.lan\active\proj\futurex\StuartCorridor\Data\Processed\Geophysics\InductionGamma\From-Data-Original\Induction_and_Gamma_Results\Daly_River\RN033039\RN033039_Induction_Down.LAS,RN033039,628381,5,top of casing,,RN033039,628381,AUS,NT,101.9,10.0,m,Australian Height Datum,assumed,top of casing,ground level,465.0,mm,,"State or NT agency supplied location, method unknown",132.0138992,-14.7477172,5,0.465,101.9,132.01390782713304,-14.747703347789129,GDA94 / MGA zone 53,178471.00464144355,8367443.001836214
\\prod.lan\active\proj\futurex\StuartCorridor\Data\Processed\Geophysics\InductionGamma\From-Data-Original\Induction_and_Gamma_Results\Daly_River\RN033132\RN033132_Induction_Down.LAS,RN033132,636294,10,top of casing protector,,RN033132,636294,AUS,NT,86.8,10.0,m,Australian Height Datum,known,top of casing protector,ground level,0.87,m,,GPS observation,131.9765319,-14.6970427,10,0.87,86.8,131.9765405298891,-14.697028846964594,GDA94 / MGA zone 52,820571.9991016738,8373067.998567514
\\prod.lan\active\proj\futurex\StuartCorridor\Data\Processed\Geophysics\InductionGamma\From-Data-Original\Induction_and_Gamma_Results\Daly_River\RN033308\RN033308_Induction_Down.LAS,RN033308,636257,10,top of casing protector,,RN033308,636257,AUS,NT,103.0,10.0,m,Australian Height Datum,known,top of casing protector,ground level,0.5,m,,GPS observation,131.6338375,-14.2624104,10,0.5,103.0,131.6338461540211,-14.262396539924618,GDA94 / MGA zone 52,784192.9958845909,8421642.004624141
\\prod.lan\active\proj\futurex\StuartCorridor\Data\Processed\Geophysics\InductionGamma\From-Data-Original\Induction_and_Gamma_Results\Daly_River\RN034364\RN034364_Induction_Down.LAS,RN034364,636256,3,unknown,,RN034364,636256,AUS,NT,46.9,10.0,m,Australian Height Datum,known,ground surface,ground level,0.0,m,,GPS observation,131.2504308,-14.0695337,3,0.0,46.9,131.25043947677537,-14.069519834885647,GDA94 / MGA zone 52,743007.9979022918,8443422.994681148
\\prod.lan\active\proj\futurex\StuartCorridor\Data\Processed\Geophysics\InductionGamma\From-Data-Original\Induction_and_Gamma_Results\Daly_River\RN034596\RN034596_Induction_Down.LAS,RN034596,636293,10,top of casing protector,,RN034596,636293,AUS,NT,94.1,10.0,m,Australian Height Datum,known,top of casing protector,ground level,1.5,m,,GPS observation,132.0444005,-14.5980063,10,1.5,94.1,132.04440912729274,-14.597992447019605,GDA94 / MGA zone 53,181540.9999288795,8384063.995077313
\\prod.lan\active\proj\futurex\StuartCorridor\Data\Processed\Geophysics\InductionGamma\From-Data-Original\Induction_and_Gamma_Results\Howard_East\RN034679\RN034679_Induction_Down.LAS,RN034679,636266,10,top of casing protector,,RN034679,636266,AUS,NT,23.9,10.0,m,Australian Height Datum,known,top of casing protector,ground level,0.32,m,,GPS observation,131.1448236,-12.3667062,10,0.32,23.9,131.14483229661124,-12.366692321167509,GDA94 / MGA zone 52,733213.0025663396,8631960.995027523
\\prod.lan\active\proj\futurex\East_Kimberley\Data\Original\Geophysics\Induction_gamma\2017_tfd_files_GA_ALT_system\RN034821\RN034821_induction_down.las,RN034821,626984,5,top of casing,/home/nsymington/Documents/GA/inductionGamma/EK/2017_tfd_files_GA_ALT_system/RN034821/RN034821_induction_down.las,RN034821,626984,AUS,NT,12.281,0.1,m,Australian Height Datum,known,top of casing,ground level,0.31,m,,digital elevation model,129.1376794,-15.253462,5,0.31,12.281,129.1376881918633,-15.253448135179605,GDA94 / MGA zone 52,514783.996796579,8313634.998518746
\\prod.lan\active\proj\futurex\StuartCorridor\Data\Processed\Geophysics\InductionGamma\From-Data-Original\Induction_and_Gamma_Results\Howard_East\RN035864\RN035864_Induction_Down.LAS,RN035864,628380,5,top of casing,,RN035864,628380,AUS,NT,23.9,10.0,m,Australian Height Datum,assumed,top of casing,ground level,505.0,mm,,"State or NT agency supplied location, method unknown",131.0471,-12.4432054,5,0.505,23.9,131.04710870054805,-12.443191520997008,GDA94 / MGA zone 52,722517.9988581324,8623579.998260144
\\prod.lan\active\proj\futurex\StuartCorridor\Data\Processed\Geophysics\InductionGamma\From-Data-Original\Induction_and_Gamma_Results\Howard_East\RN035865\RN035865_Induction_Down.LAS,RN035865,628379,3,unknown,,RN035865,628379,AUS,NT,14.9,10.0,m,Australian Height Datum,assumed,ground surface,ground level,0.0,m,,"State or NT agency supplied location, method unknown",131.0513167,-12.4426583,3,0.0,14.9,131.05132540035552,-12.44264442102437,GDA94 / MGA zone 52,722976.9964101536,8623636.997705106
\\prod.lan\active\proj\futurex\StuartCorridor\Data\Processed\Geophysics\InductionGamma\From-Data-Original\Induction_and_Gamma_Results\Howard_East\RN035866\RN035866_Induction_Down.LAS,RN035866,636269,10,top of casing protector,,RN035866,636269,AUS,NT,15.5,10.0,m,Australian Height Datum,known,top of casing protector,ground level,0.4,m,,GPS observation,131.0921648,-12.4276593,10,0.4,15.5,131.09217349856794,-12.427645421220014,GDA94 / MGA zone 52,727432.0032286573,8625261.99864082
\\prod.lan\active\proj\futurex\StuartCorridor\Data\Processed\Geophysics\InductionGamma\From-Data-Original\Induction_and_Gamma_Results\Howard_East\RN036531\RN036531_Induction_Down.LAS,RN036531,628378,5,top of casing,,RN036531,628378,AUS,NT,15.4,10.0,m,Australian Height Datum,assumed,top of casing,ground level,0.46,m,,"State or NT agency supplied location, method unknown",131.0557417,-12.4568773,5,0.46,15.4,131.05575040003856,-12.456863421165034,GDA94 / MGA zone 52,723446.0051201285,8622059.995114261
\\prod.lan\active\proj\futurex\StuartCorridor\Data\Processed\Geophysics\InductionGamma\From-Data-Original\Induction_and_Gamma_Results\Daly_River\RN036813\RN036813_Induction_Down.LAS,RN036813,636290,10,top of casing protector,,RN036813,636290,AUS,NT,63.0,10.0,m,Australian Height Datum,known,top of casing protector,ground level,0.42,m,,GPS observation,131.4321596,-14.2302229,10,0.42,63.0,131.43216826539467,-14.230209037714808,GDA94 / MGA zone 52,762456.9960383971,8425441.996038314
\\prod.lan\active\proj\futurex\StuartCorridor\Data\Processed\Geophysics\InductionGamma\From-Data-Original\Induction_and_Gamma_Results\Daly_River\RN036815\RN036815_Induction_Down.LAS,RN036815,636289,10,top of casing protector,,RN036815,636289,AUS,NT,78.0,10.0,m,Australian Height Datum,known,top of casing protector,ground level,525.0,mm,,GPS observation,131.470757,-14.238156,10,0.525,78.0,131.47076566320442,-14.23814213813736,GDA94 / MGA zone 52,766615.0352234673,8424520.037243055
\\prod.lan\active\proj\futurex\StuartCorridor\Data\Processed\Geophysics\InductionGamma\From-Data-Original\Induction_and_Gamma_Results\Daly_River\RN037041\RN037041_Induction_Down.LAS,RN037041,636292,10,top of casing protector,,RN037041,636292,AUS,NT,83.0,10.0,m,Australian Height Datum,known,top of casing protector,ground level,0.54,m,,GPS observation,131.6827537,-14.5087446,10,0.54,83.0,131.68276234863941,-14.5087307422884,GDA94 / MGA zone 52,789156.9986157417,8394311.00233974
\\prod.lan\active\proj\futurex\StuartCorridor\Data\Processed\Geophysics\InductionGamma\From-Data-Original\Induction_and_Gamma_Results\Daly_River\RN037048\RN037048_Induction_Down.LAS,RN037048,636282,10,top of casing protector,,RN037048,636282,AUS,NT,100.1,10.0,m,Australian Height Datum,known,top of casing protector,ground level,0.45,m,,GPS observation,132.1872295,-14.5220417,10,0.45,100.1,132.18723812026565,-14.522027848201196,GDA94 / MGA zone 53,196837.7574558715,8392670.166301977
\\prod.lan\active\proj\futurex\StuartCorridor\Data\Processed\Geophysics\InductionGamma\From-Data-Original\Induction_and_Gamma_Results\Howard_East\RN037153\RN037153_Induction_Down.LAS,RN037153,536538,10,top of casing protector,,RN037153,536538,AUS,NT,82.0,20.0,m,GPS ellipsoid,assumed,top of casing protector,ground level,0.95,m,20118053004,GPS observation,131.1688005,-12.4047706,10,0.95,,131.1688091951862,-12.404756721645992,GDA94 / MGA zone 52,735787.0003749675,8627727.995204179
\\prod.lan\active\proj\futurex\StuartCorridor\Data\Processed\Geophysics\InductionGamma\From-Data-Original\Induction_and_Gamma_Results\Howard_East\RN037154\RN037154_Induction_Down.LAS,RN037154,536539,5,top of casing,,RN037154,536539,AUS,NT,76.0,20.0,m,GPS ellipsoid,assumed,top of casing,ground level,815.0,mm,20118053005,GPS observation,131.1855046,-12.4848045,5,0.815,,131.18551329374168,-12.484790622386269,GDA94 / MGA zone 52,737530.9998642193,8618856.997239728
\\prod.lan\active\proj\futurex\StuartCorridor\Data\Processed\Geophysics\InductionGamma\From-Data-Original\Induction_and_Gamma_Results\Daly_River\RN037338\RN037338_Induction_Down.LAS,RN037338,636296,10,top of casing protector,,RN037338,636296,AUS,NT,124.0,10.0,m,Australian Height Datum,known,top of casing protector,ground level,0.5,m,,GPS observation,132.1477784,-14.7789058,10,0.5,124.0,132.14778701909634,-14.778891949655678,GDA94 / MGA zone 53,192941.00302660186,8364176.996834004
\\prod.lan\active\proj\futurex\StuartCorridor\Data\Processed\Geophysics\InductionGamma\From-Data-Original\Induction_and_Gamma_Results\Daly_River\RN037411\RN037411_Induction_Down.LAS,RN037411,636283,10,top of casing protector,,RN037411,636283,AUS,NT,106.0,10.0,m,Australian Height Datum,known,top of casing protector,ground level,0.68,m,,GPS observation,132.2475746,-14.4745807,10,0.68,106.0,132.24758321753535,-14.474566848609369,GDA94 / MGA zone 53,203283.00274109328,8398003.996875728
\\prod.lan\active\proj\futurex\StuartCorridor\Data\Processed\Geophysics\InductionGamma\From-Data-Original\Induction_and_Gamma_Results\Daly_River\RN037412\RN037412_Induction_Down.LAS,RN037412,636252,10,top of casing protector,,RN037412,636252,AUS,NT,113.2,10.0,m,Australian Height Datum,known,top of casing protector,ground level,0.64,m,,GPS observation,132.2790684,-14.433948,10,0.64,113.2,132.279077016338,-14.433934148707674,GDA94 / MGA zone 53,206626.9969982024,8402543.002865488
\\prod.lan\active\proj\futurex\StuartCorridor\Data\Processed\Geophysics\InductionGamma\From-Data-Original\Induction_and_Gamma_Results\Daly_River\RN037413\RN037413_Induction_Down.LAS,RN037413,636254,10,top of casing protector,,RN037413,636254,AUS,NT,106.0,10.0,m,Australian Height Datum,known,top of casing protector,ground level,0.57,m,,GPS observation,132.2644707,-14.4559179,10,0.57,106.0,132.26447931684882,-14.455904048685476,GDA94 / MGA zone 53,205080.99960063986,8400091.999668261
\\prod.lan\active\proj\futurex\StuartCorridor\Data\Processed\Geophysics\InductionGamma\From-Data-Original\Induction_and_Gamma_Results\Daly_River\RN037769\RN037769_Induction_Down.LAS,RN037769,636253,10,top of casing protector,,RN037769,636253,AUS,NT,111.1,10.0,m,Australian Height Datum,known,top of casing protector,ground level,0.3,m,,GPS observation,131.9360889,-14.6434533,10,0.3,111.1,131.9360975328369,-14.643439446088795,GDA94 / MGA zone 52,816290.0034855384,8379059.00467778
\\prod.lan\active\proj\futurex\StuartCorridor\Data\Processed\Geophysics\InductionGamma\From-Data-Original\Induction_and_Gamma_Results\Howard_East\RN038195\RN038195_Induction_Down.LAS,RN038195,628377,10,top of casing protector,,RN038195,628377,AUS,NT,31.4,10.0,m,Australian Height Datum,assumed,top of casing protector,ground level,605.0,mm,,"State or NT agency supplied location, method unknown",131.0837991,-12.5141867,10,0.605,31.4,131.08380779827473,-12.51417282181062,GDA94 / MGA zone 52,726447.0035283272,8615694.999872992
\\prod.lan\active\proj\futurex\StuartCorridor\Data\Processed\Geophysics\InductionGamma\From-Data-Original\Induction_and_Gamma_Results\Howard_East\RN038196\RN038196_Induction_Down.LAS,RN038196,628376,5,top of casing,,RN038196,628376,AUS,NT,28.9,10.0,m,Australian Height Datum,assumed,top of casing,ground level,0.47,m,,"State or NT agency supplied location, method unknown",131.1056552,-12.5244819,5,0.47,28.9,131.10566389716536,-12.52446802205624,GDA94 / MGA zone 52,728814.00321775,8614537.00073896
\\prod.lan\active\proj\futurex\East_Kimberley\Data\Original\Geophysics\Induction_gamma\2017_tfd_files_GA_ALT_system\RN038543\RN038543_induction_down.las,RN038543,636186,5,top of casing,/home/nsymington/Documents/GA/inductionGamma/EK/2017_tfd_files_GA_ALT_system/RN038543/RN038543_induction_down.las,RN038543,636186,AUS,NT,7.48,10.0,m,Australian Height Datum,assumed,top of casing,ground level,0.48,m,,GPS observation,129.3560888,-15.0736463,5,0.48,7.48,129.35609757891456,-15.073632433863041,GDA94 / MGA zone 52,538269.2859345953,8333497.4458735995
\\prod.lan\active\proj\futurex\StuartCorridor\Data\Processed\Geophysics\InductionGamma\From-Data-Original\Induction_and_Gamma_Results\Howard_East\RN039611\RN039611_Induction_Down.LAS,RN039611,628375,3,unknown,,RN039611,628375,AUS,NT,37.9,10.0,m,Australian Height Datum,assumed,ground surface,ground level,0.0,m,,"State or NT agency supplied location, method unknown",131.1113837,-12.6131934,3,0.0,37.9,131.11139239618313,-12.61317952277152,GDA94 / MGA zone 52,729358.0030732028,8604716.004395876
\\prod.lan\active\proj\futurex\StuartCorridor\Data\Processed\Geophysics\InductionGamma\From-Data-Original\Induction_and_Gamma_Results\Howard_East\RN039612\RN039612_Induction_Down.LAS,RN039612,628374,5,top of casing,,RN039612,628374,AUS,NT,47.0,10.0,m,Australian Height Datum,assumed,top of casing,ground level,1075.0,mm,,"State or NT agency supplied location, method unknown",131.1402228,-12.6055352,5,1.075,47.0,131.14023149487787,-12.605521322939104,GDA94 / MGA zone 52,732499.0045045998,8605538.005120063
\\prod.lan\active\proj\futurex\East_Kimberley\Data\Original\Geophysics\Induction_gamma\2017_tfd_files_GA_ALT_system\RN029660\RN29660_induction_down.las,RN29660,626986,10,top of casing protector,/home/nsymington/Documents/GA/inductionGamma/EK/2017_tfd_files_GA_ALT_system/RN029660/RN29660_induction_down.las,RN029660,626986,AUS,NT,19.217,0.1,m,Australian Height Datum,assumed,top of casing protector,ground level,460.0,mm,,GPS differential observation,129.0012303,-15.4196499,10,0.46,19.217,129.00123910019911,-15.419636036490866,GDA94 / MGA zone 52,500132.0049552354,8295258.004284234
\\prod.lan\active\proj\futurex\East_Kimberley\Data\Original\Geophysics\Induction_gamma\2017_tfd_files_GA_ALT_system\RN029663\RN29663_induction_down.las,RN29663,626981,10,top of casing protector,/home/nsymington/Documents/GA/inductionGamma/EK/2017_tfd_files_GA_ALT_system/RN029663/RN29663_induction_down.las,RN029663,626981,AUS,NT,14.936,0.1,m,Australian Height Datum,known,top of casing protector,ground level,310.0,mm,,digital elevation model,129.0907493,-15.3968574,10,0.31,14.936,129.09075809477153,-15.396843536246106,GDA94 / MGA zone 52,509738.0044459492,8297777.000093081
\\prod.lan\active\proj\futurex\East_Kimberley\Data\Original\Geophysics\Induction_gamma\2017_tfd_files_GA_ALT_system\WBS1155\WBS1155_induction_down.las,WBS1155,636193,5,top of casing,/home/nsymington/Documents/GA/inductionGamma/EK/2017_tfd_files_GA_ALT_system/WBS1155/WBS1155_induction_down.las,80918517,636193,AUS,WA,20.325,0.1,m,Australian Height Datum,known,top of casing,ground level,0.43,m,"WBS 1155M,WBS1155",digital elevation model,128.9763477,-15.5083515,5,0.43,20.325,128.9763565018153,-15.508337637159428,GDA94 / MGA zone 52,497463.3079172259,8285446.6694668485
\\prod.lan\active\proj\futurex\East_Kimberley\Data\Original\Geophysics\Induction_gamma\2017_tfd_files_GA_ALT_system\WBS5080\WBS5080_induction_down.las,WBS5080,636195,5,top of casing,/home/nsymington/Documents/GA/inductionGamma/EK/2017_tfd_files_GA_ALT_system/WBS5080/WBS5080_induction_down.las,81010136,636195,AUS,WA,20.914,0.1,m,Australian Height Datum,known,top of casing,ground level,0.57,m,WBS5080,digital elevation model,128.9742778,-15.4333124,5,0.57,20.914,128.97428660184573,-15.433298536620347,GDA94 / MGA zone 52,497240.31867537444,8293746.649467882
\\prod.lan\active\proj\futurex\East_Kimberley\Data\Original\Geophysics\Induction_gamma\2016_las_files_DGRT_system\Yow_bore\Yow_Bore_conductivity_down.las,Yow_Bore,627062,5,top of casing,/home/nsymington/Documents/GA/inductionGamma/EK/2016_las_files_DGRT_system/Yow_bore/Yow_Bore_conductivity_down.las,81010175,627062,AUS,WA,6.308,0.1,m,Australian Height Datum,known,top of casing,ground level,0.48,m,"CGDH6,Yow Bore",digital elevation model,128.7297347,-14.9080989,5,0.48,6.308,128.72974351537152,-14.908085033260297,GDA94 / MGA zone 52,470931.9952243495,8351820.997256385
